;index;video_id;view_count;like_count;favorite_count;comment_count;positive_score;negative_score;neutral_score;compound_score
0;0;FKeKPXALHuc;689404;24023;0;3235;0.024;0.013;0.963;0.9747
1;1;fwjrIdA-jyA;665594;22084;0;1442;0.225;0.071;0.704;0.9998
2;2;ptycSvOmw6o;534809;18038;0;1227;0.033;0.01;0.957;0.9975
3;3;ham2mGl5QkU;514453;18411;0;788;0.201;0.072;0.727;0.9995
4;4;CJPGm0HDjO0;553387;30569;0;1950;0.227;0.093;0.68;0.9997
5;5;YSPiQB1jM4k;667120;27215;0;1078;0.182;0.046;0.771;0.9984
6;6;TUgknDAjPdM;671297;17342;0;764;0.172;0.084;0.744;0.9993
7;7;na2YMSza1mU;531628;19996;0;2197;0.198;0.061;0.741;0.9987
8;8;b92hmjoys5M;490017;22560;0;1018;0.194;0.094;0.711;0.9998
9;9;mB0y5_knUBc;686014;19357;0;1356;0.23;0.039;0.731;0.9999
10;10;iUrS5O8PjJA;878576;23678;0;1392;0.182;0.061;0.757;0.9994
11;11;5SdTBG3HsL4;496917;20405;0;877;0.202;0.062;0.736;0.9995
12;12;yYrYchGElek;953899;24353;0;2598;0.199;0.061;0.74;0.9986
13;13;DlTMbuzeiew;961139;18954;0;1250;0.238;0.059;0.703;0.9808
14;14;ybgvfdtOrQo;635302;38898;0;1859;0.021;0.001;0.979;0.9934
15;15;Zosh5JxmO7k;737655;32852;0;1256;0.239;0.079;0.682;0.9989
16;16;v7q3wY11_8Y;720398;18403;0;2515;0.233;0.055;0.712;0.9995
17;17;iwkPXjte7jQ;403611;12620;0;625;0.235;0.07;0.695;0.9987
18;18;4Cu26vGQn9E;743460;23859;0;1476;0.18;0.084;0.736;0.9997
19;19;xKiOa9krxgI;813191;32472;0;1696;0.266;0.071;0.663;0.9998
20;20;VGIn9TOyS9I;533813;21759;0;934;0.242;0.049;0.709;0.9997
21;21;VvAl6_dfAC8;616092;19967;0;1064;0.208;0.051;0.741;0.9998
22;22;v7tfWAUG4XU;563776;24625;0;1544;0.202;0.051;0.746;0.9976
23;23;co0lRVOSmzM;609102;18408;0;640;0.18;0.066;0.754;0.9957
24;24;H8P33IZNSVE;596987;24796;0;1395;0.335;0.072;0.593;1.0
25;25;0ByxNrtQNow;635075;23805;0;1193;0.224;0.069;0.706;0.9997
26;26;5jJl0YzI1QA;407039;17934;0;623;0.024;0.004;0.972;0.9931
27;27;XeNeeYbT8DQ;731971;19277;0;1164;0.23;0.078;0.692;0.9995
28;28;_csBkS_ZFIU;750146;16337;0;1142;0.157;0.086;0.757;0.9698
29;29;hgaotensSrI;121167;2114;0;128;0.184;0.044;0.772;0.9956
30;30;koV2m5DcT-k;813536;30947;0;1863;0.265;0.061;0.674;0.9998
31;31;J3Rd36QM0y0;566225;15184;0;1378;0.018;0.005;0.977;0.9825
32;32;bQFHc4h0E7Y;539994;22297;0;718;0.211;0.071;0.718;0.9994
33;33;WlK7o7l35Ag;657606;28545;0;1061;0.166;0.073;0.761;0.9992
34;34;D38YGm0E2zM;567720;29669;0;1085;0.269;0.076;0.655;0.9999
35;35;i848DYgfmcE;646942;30428;0;1336;0.263;0.076;0.66;0.999
36;36;1voq6P21qps;521037;27122;0;1252;0.196;0.097;0.707;0.9995
37;37;PBDjZPpT6j8;666516;20131;0;1331;0.205;0.054;0.74;0.9999
38;38;tTm9pSc-BW8;449335;14818;0;728;0.217;0.036;0.746;0.9956
39;39;hbNkjgewmnQ;698394;30489;0;1239;0.292;0.109;0.599;1.0
40;40;2CY-S1Z_I38;862553;32726;0;1711;0.034;0.005;0.961;0.9962
41;41;NX9ZJhsema0;709015;25895;0;872;0.03;0.007;0.963;0.9929
42;42;-Xcu9TKpLtg;628516;20743;0;916;0.225;0.072;0.703;0.9999
43;43;4CgnHGRUOMc;1558003;45875;0;2489;0.304;0.059;0.636;0.9992
44;44;yTtNmxsk6oc;735044;17096;0;757;0.24;0.043;0.717;0.9999
45;45;g5jwvaXu6rk;879624;27968;0;1955;0.206;0.084;0.709;0.9994
46;46;Fo792SD32U0;475560;21360;0;593;0.219;0.099;0.682;0.9997
47;47;7D0KNuoXaPM;604894;16947;0;817;0.174;0.125;0.701;0.9915
48;48;OY3OYwB10KY;543546;15929;0;2284;0.242;0.082;0.676;0.9998
49;49;ck0jenODs8c;548445;22961;0;696;0.218;0.065;0.717;0.9998
50;50;ilqdVA56XKM;634152;29714;0;1209;0.226;0.082;0.692;0.9996
51;51;IFeAn0w57EM;729883;38442;0;3485;0.244;0.047;0.709;0.9994
52;52;kd_1_4R4Nvk;431382;13650;0;1051;0.192;0.078;0.731;0.9989
53;53;5sXe75GwY8o;1129517;42894;0;2104;0.02;0.005;0.974;0.9902
54;54;9LwhxEulBGU;608748;25302;0;1388;0.221;0.063;0.716;0.9996
55;55;RbAwJCCi-Mg;1515521;18954;0;973;0.24;0.073;0.687;0.9996
56;56;73ariBoV27E;823002;24792;0;2219;0.184;0.082;0.734;0.9994
57;57;xJhiNrOiPkk;518103;14408;0;954;0.145;0.075;0.781;0.9969
58;58;IQ-gGY1Ur7M;752025;35211;0;1966;0.176;0.069;0.755;0.9993
59;59;HBZ8QHoSbIs;478071;21449;0;1563;0.256;0.073;0.671;0.9999
60;60;R4MY98KLJsI;685683;27790;0;1290;0.23;0.073;0.697;0.9998
61;61;XNNFnfq3jAU;1291008;31554;0;980;0.166;0.11;0.725;0.9957
62;62;r7HNJ5O2wdQ;810193;31036;0;2649;0.255;0.088;0.657;0.9998
63;63;9G2uraTEfk4;770615;35396;0;2587;0.175;0.038;0.787;0.9998
64;64;iSbkZt5bLXU;522718;16521;0;736;0.222;0.086;0.692;0.9977
65;65;lYebizIuhlU;738737;27097;0;2518;0.198;0.082;0.72;0.9998
66;66;wsv56RDRLCA;666575;46058;0;2691;0.181;0.063;0.756;0.989
67;67;ALfRC5YG0k4;560858;27068;0;4274;0.217;0.091;0.692;0.9985
68;68;wt5HvtReLew;609225;18053;0;1114;0.218;0.064;0.718;0.9998
69;69;nGXNxnc5bVI;567679;20430;0;1907;0.208;0.078;0.713;0.9997
70;70;vZzTrA2aElw;682077;22988;0;1142;0.237;0.082;0.681;0.9999
71;71;_RKu4furQgY;509221;20538;0;666;0.187;0.076;0.737;0.9997
72;72;WDFXK5gBVC0;426194;15983;0;821;0.169;0.079;0.752;0.9885
73;73;qjTxkdhKTtg;532280;15774;0;869;0.266;0.121;0.613;0.9994
74;74;2mJdOu9PxBI;527986;14881;0;1037;0.175;0.086;0.739;0.9989
75;75;rKp7Ygs6hfY;806893;31198;0;2148;0.224;0.051;0.725;0.9998
76;76;dgPv2tWaBnQ;836545;31289;0;5138;0.25;0.064;0.686;0.999
77;77;I6voV31MoBk;527598;22621;0;1175;0.238;0.091;0.672;0.9998
78;78;n44Ie62qoWM;572252;19797;0;839;0.249;0.037;0.714;0.9999
79;79;5gV6f0iYBpw;631734;22739;0;1715;0.189;0.078;0.733;0.9989
80;80;d_ekJXGYaI8;755349;44652;0;2522;0.225;0.041;0.734;0.9997
81;81;Y0HP30W5Jxw;649899;18024;0;939;0.207;0.073;0.719;0.9991
82;82;2Svn9eLQKss;625515;21053;0;1459;0.196;0.068;0.736;0.9998
83;83;i4qcC0LFfTs;580113;23228;0;1363;0.032;0.008;0.96;0.997
84;84;BPC_F5gYLAA;756895;21602;0;1668;0.24;0.08;0.681;0.9998
85;85;p0qdFz9-n9E;275784;13599;0;1396;0.249;0.07;0.681;0.9995
86;86;eKfu99bhGzk;451474;15724;0;880;0.018;0.008;0.973;0.9803
87;87;gqF8c8Rn_nk;542369;25043;0;1937;0.248;0.087;0.665;0.9999
88;88;wqkcLN1o8oA;693676;20463;0;1509;0.223;0.035;0.742;0.9997
89;89;yGGOVwf-FrQ;615623;22150;0;4531;0.235;0.062;0.703;0.9999
90;90;R8U-KA48eP4;732448;33370;0;2526;0.281;0.078;0.641;0.9999
91;91;IfzFAxoYnZs;656585;16957;0;1353;0.25;0.084;0.666;0.9994
92;92;ofRA993ERE4;1114579;34804;0;1527;0.196;0.065;0.739;0.9997
93;93;aL6K_lO9VgE;446185;15402;0;585;0.231;0.083;0.686;0.9999
94;94;mOw5x-7xth8;595221;30195;0;1339;0.198;0.094;0.708;0.9992
95;95;EeOnfVJSDr8;368919;9858;0;543;0.183;0.082;0.736;0.9962
96;96;2xgw6Bz39pg;875248;25379;0;1048;0.216;0.055;0.729;0.9994
97;97;c10eK84R0as;1385646;48545;0;1864;0.244;0.068;0.687;0.9999
98;98;2DlNYID6vHk;368194;8592;0;408;0.221;0.053;0.726;0.9906
99;99;8W0dWOF6hg0;981662;41602;0;4341;0.255;0.047;0.698;0.9995
100;100;m-GGi8Gbfjo;664544;33141;0;3229;0.22;0.047;0.733;0.9998
101;101;75XygYTxNCE;567464;19007;0;2750;0.225;0.056;0.719;0.9995
102;102;Dp1z_fNeKEs;629396;22704;0;866;0.029;0.005;0.965;0.9965
103;103;tY7qrj32ri0;774209;20895;0;1380;0.246;0.051;0.703;0.9976
104;104;qBGBC3VPt9I;1457554;40111;0;3040;0.038;0.008;0.954;0.9965
105;105;Si4jbISiUVw;588715;24307;0;930;0.266;0.089;0.645;0.9999
106;106;Cx80XRxyxCI;894727;37998;0;2829;0.266;0.05;0.684;0.9999
107;107;ZkBIBhBrOlQ;444218;19821;0;2842;0.233;0.046;0.721;0.9997
108;108;h_HDWrPS1hI;545328;15505;0;929;0.278;0.07;0.652;0.9998
109;109;TrZ_jwp9lWg;655126;19922;0;682;0.181;0.061;0.757;0.9995
110;110;ee0SlrYeKWo;723000;22926;0;1664;0.253;0.058;0.689;0.9999
111;111;xdmp4tbCxh8;702789;21398;0;1683;0.23;0.072;0.699;0.9999
112;112;HIea8TtLnA8;666563;22457;0;2018;0.285;0.058;0.657;0.9997
113;113;POCO6Hs2Spc;607204;22930;0;986;0.239;0.075;0.686;0.9999
114;114;fzOVmU7Gb48;951537;26753;0;1156;0.253;0.062;0.685;0.9997
115;115;hKJGTCISWUc;461387;23089;0;3473;0.279;0.068;0.653;1.0
116;116;8_EEe_doxsA;627040;25036;0;922;0.248;0.072;0.68;0.9998
117;117;whjOIh-hPtU;561955;24335;0;1011;0.18;0.089;0.731;0.9996
118;118;xZFj72v6ZMQ;801954;22306;0;2937;0.026;0.008;0.966;0.9959
119;119;W2F7zGPwNQI;649502;37774;0;4285;0.235;0.077;0.687;0.9995
120;120;Ur-lVD2lITA;788952;34402;0;2346;0.027;0.005;0.968;0.9906
121;121;usqt2gf2NuM;609806;19473;0;2090;0.017;0.011;0.971;0.8779
122;122;W6T3UK9nxi4;788584;23305;0;1093;0.247;0.053;0.7;0.9997
123;123;j0HC-zIAS4E;847316;25025;0;1671;0.222;0.081;0.698;0.9996
124;124;O_-ndYYF-d0;687280;24543;0;1282;0.243;0.058;0.699;0.9998
125;125;cUSpsf1g_ho;549141;15116;0;1648;0.241;0.058;0.702;0.9984
126;126;A66YrnDU928;410395;12993;0;626;0.186;0.035;0.779;0.9991
127;127;UodT-XwtyXM;673314;19209;0;1008;0.206;0.069;0.726;0.9976
128;128;KlNfKWYxBUA;680006;19412;0;706;0.272;0.081;0.648;0.9992
129;129;VpsbHEQW-9U;499681;23039;0;1506;0.227;0.062;0.711;0.9999
130;130;zN3vhLMHUPw;596783;24824;0;1067;0.247;0.058;0.695;0.9998
131;131;W8aqZH83X9I;1292424;27161;0;840;0.036;0.003;0.962;0.9972
132;132;h2iEUEIZlek;1047255;21385;0;1842;0.203;0.081;0.716;0.9997
133;133;yyyq0cxLdWQ;617088;16574;0;1034;0.214;0.07;0.716;0.9997
134;134;8UZamBr6tgM;623316;16843;0;1167;0.181;0.125;0.694;0.999
135;135;IkJjIWNidb0;1000472;28220;0;841;0.281;0.072;0.647;0.9994
136;136;Xt_caZPCXL8;711687;28504;0;2270;0.036;0.009;0.955;0.9968
137;137;bWd_Mg4JTK8;1146425;53107;0;2568;0.267;0.068;0.665;0.9995
138;138;bfvtfjndz3E;806013;33196;0;1731;0.022;0.008;0.97;0.9781
139;139;RPHkCWd76B0;434223;16785;0;574;0.24;0.067;0.693;0.9997
140;140;7WcQmgxWTXY;617883;26289;0;3435;0.289;0.066;0.645;0.9999
141;141;OXpYXTjAqJo;924049;64595;0;4688;0.02;0.005;0.976;0.9861
142;142;98dvtHjBnLA;488560;19937;0;991;0.244;0.07;0.686;0.9998
143;143;fRPkCG2NxXM;750071;21521;0;4960;0.278;0.057;0.665;0.9997
144;144;j41RlF1Ntf4;548551;22604;0;1883;0.03;0.013;0.957;0.986
145;145;rn69Y3tHslA;1002154;23446;0;2205;0.201;0.065;0.735;0.9996
146;146;_gT8KcDgrDk;761311;31744;0;1728;0.219;0.094;0.687;0.9998
147;147;iBbl01JtqDU;566997;19310;0;1832;0.242;0.069;0.689;0.9998
148;148;eM-wzIE4vKg;991848;27681;0;2730;0.247;0.054;0.699;0.9999
149;149;hX-ehcp-Rik;796451;29253;0;1255;0.015;0.007;0.978;0.936
150;150;eFDjulU_zWg;501313;18030;0;817;0.23;0.077;0.693;0.9999
151;151;I_4LSeqGnUk;575320;18925;0;1762;0.239;0.068;0.692;0.9992
152;152;2u9fc61w-3Q;79085;3314;0;354;0.251;0.058;0.691;0.9989
153;153;RG1BzJ0fqsw;587162;18255;0;1123;0.189;0.038;0.774;0.9995
154;154;pSJURGGMfSw;720151;27984;0;1521;0.274;0.069;0.658;0.9999
155;155;SZxW3TuduBU;694860;20875;0;1283;0.024;0.009;0.967;0.991
156;156;xlOpZ-ITeD0;503069;22445;0;629;0.195;0.075;0.73;0.9995
157;157;UUJ8rHU6Iko;1191283;30658;0;2106;0.183;0.055;0.762;0.9997
158;158;R43fzQOkBok;812664;17551;0;1496;0.233;0.053;0.714;0.9999
159;159;h5_c1H7w9OA;307739;12436;0;844;0.247;0.08;0.673;0.999
160;160;suAq_j7bdqY;540228;23122;0;2273;0.233;0.069;0.698;0.9999
161;161;9D8BcU6G2aQ;837177;33133;0;1299;0.189;0.104;0.707;0.9976
162;162;ja3-dv9dJWo;1147602;22704;0;858;0.216;0.078;0.707;0.9992
163;163;wKKlfsnZOAY;563506;17583;0;2290;0.224;0.037;0.739;0.9988
164;164;1VNgbxDHxoA;507858;14729;0;1319;0.175;0.1;0.725;0.9986
165;165;WW4b-4Gx8dY;1285163;42723;0;2407;0.275;0.098;0.627;0.9999
166;166;xpr0RzkXJUg;591769;23129;0;1453;0.212;0.068;0.719;0.9998
167;167;RclvhLSrQFA;1058719;22313;0;1176;0.188;0.078;0.734;0.9991
168;168;2iEoqztWbZA;681303;21572;0;1333;0.23;0.075;0.695;0.9996
169;169;HfYZwpnG0J8;557090;15985;0;980;0.168;0.087;0.746;0.9992
170;170;tqLqodBr0Vw;1004815;28423;0;1472;0.228;0.062;0.71;0.9995
171;171;OtNzONecCSA;640668;22804;0;1000;0.251;0.087;0.661;0.9999
172;172;vQaX-eYCs_M;1300430;48214;0;2009;0.193;0.063;0.744;0.9994
173;173;_IARCYf4MfE;295180;11341;0;1120;0.24;0.051;0.709;0.9997
174;174;xGnGfR0tD44;433660;18787;0;2128;0.26;0.053;0.687;0.9998
175;175;KKiuV4h60Kk;702677;26981;0;1669;0.209;0.115;0.676;0.9948
176;176;ug_88WVn4gQ;992726;27340;0;1628;0.221;0.058;0.72;0.9997
177;177;ZHkEXtilcpg;693430;25738;0;1510;0.26;0.045;0.695;0.9998
178;178;D31XjOFoPAw;992606;27329;0;2301;0.182;0.097;0.72;0.9967
179;179;6XuyO4ROsQw;608918;20041;0;1281;0.257;0.088;0.656;0.9997
180;180;3w_hUcwr8TE;1063164;27518;0;2215;0.319;0.073;0.608;1.0
181;181;IhFeJspakDk;527902;19799;0;1393;0.267;0.088;0.645;0.9997
182;182;-nJ5jUqRqMg;1003965;30111;0;1801;0.247;0.066;0.687;0.9999
183;183;WuNObyDPkRw;630980;12597;0;1460;0.383;0.069;0.548;0.9887
184;184;Gr3SpnSZOnw;1209775;27966;0;2523;0.303;0.064;0.633;0.9995
185;185;zR0OnzR-oUE;537075;15758;0;1256;0.21;0.076;0.714;0.9996
186;186;yKbhQv4Evwk;599539;23477;0;1044;0.246;0.066;0.688;0.9998
187;187;Aqro2sFwA0w;491998;21665;0;556;0.236;0.064;0.701;0.9988
188;188;AWeURu8jQeY;372893;10888;0;455;0.156;0.086;0.758;0.9988
189;189;O2yp8FR4XXg;1082166;32835;0;2570;0.034;0.005;0.962;0.998
190;190;HsIf_f63QYU;791938;31245;0;1874;0.241;0.093;0.666;0.9998
191;191;8kQ7_BXoQ5M;655007;19631;0;2004;0.208;0.041;0.751;0.9996
192;192;9BKwK97R0Hk;727463;31404;0;1872;0.225;0.096;0.678;0.9995
193;193;Gkh2EqJAhN0;682986;47977;0;2587;0.477;0.019;0.504;1.0
194;194;AOGx428D_WU;917054;20932;0;1136;0.219;0.075;0.706;0.9998
195;195;fpocukZN6KY;483803;19434;0;1571;0.228;0.095;0.677;0.999
196;196;0e0TJskjhmk;972791;49798;0;5609;0.197;0.088;0.715;0.9996
197;197;--zzdKzH4OQ;396677;17519;0;966;0.029;0.007;0.964;0.9933
198;198;6c7TGhvrAzQ;510914;25037;0;1111;0.183;0.075;0.742;0.9991
199;199;Plw0e_nFtuc;920644;32977;0;3647;0.258;0.069;0.673;0.9993
200;200;eMu0AkOaRJI;482859;17697;0;2172;0.225;0.065;0.71;0.9998
201;201;UF3p7nFcItk;717796;13067;0;900;0.187;0.136;0.677;0.9741
202;202;xgVzx0vq-Iw;667109;16441;0;1313;0.165;0.109;0.726;0.9985
203;203;eRFAUYRF3yY;668006;20400;0;1087;0.18;0.113;0.706;0.9971
204;204;6R6999VZKPc;636190;26679;0;1529;0.226;0.077;0.697;0.9997
205;205;PgjyyTRg_rs;588500;32354;0;1718;0.249;0.059;0.692;0.9999
206;206;1_f1IcESMzs;499562;21547;0;599;0.274;0.086;0.64;0.9999
207;207;0hgAA88ESnc;1025894;33469;0;2408;0.218;0.058;0.724;0.9998
208;208;gBsZt0n-wb4;97109;4413;0;358;0.248;0.08;0.672;0.9987
209;209;aZdR3TJRtX8;448183;20580;0;601;0.213;0.066;0.721;0.9996
210;210;xiG-X9pCSnw;562779;26290;0;1030;0.027;0.006;0.968;0.9915
211;211;WTXwUO41V40;536246;22032;0;1225;0.216;0.073;0.711;0.9993
212;212;EdVy2Inkb84;619996;21733;0;960;0.201;0.088;0.71;0.9991
213;213;aw2f2rmMJmI;723996;18183;0;1022;0.191;0.074;0.735;0.9997
214;214;7NjfdOEbk7Q;341892;9874;0;416;0.24;0.087;0.672;0.9985
215;215;hb4ymmj1bbs;647095;27642;0;1608;0.258;0.047;0.695;0.9997
216;216;PqzmrKMcSe0;470643;16029;0;1126;0.178;0.084;0.738;0.9974
217;217;UqVsjXtazF4;348316;7071;0;599;0.271;0.081;0.648;0.9116
218;218;TKw4P80W06A;467504;15687;0;1132;0.258;0.071;0.671;0.9998
219;219;NL-c3Hy_vdk;609443;23433;0;1494;0.321;0.077;0.602;0.9999
220;220;hU1xcjmf5m4;443651;15879;0;982;0.219;0.079;0.702;0.9998
221;221;DIOCRHp9K2g;662999;21815;0;1462;0.239;0.085;0.676;0.9991
222;222;VmSSZvXh7r4;574020;15764;0;767;0.152;0.057;0.791;0.998
223;223;t_Z2yVnj0yQ;646391;22306;0;607;0.206;0.093;0.701;0.9997
224;224;VqcOmxZCYnc;344648;12288;0;992;0.183;0.059;0.758;0.9996
225;225;ENIgZECs1fQ;1385153;34539;0;3334;0.033;0.009;0.958;0.9948
226;226;fQY78hDmITA;663720;27205;0;1189;0.308;0.06;0.632;0.9999
227;227;34hcyB0l_lI;715554;17235;0;1053;0.178;0.072;0.75;0.9986
228;228;gi_pJeLAbGA;629439;25935;0;1780;0.208;0.086;0.706;0.9987
229;229;y8RSbunK-pc;576829;16070;0;665;0.224;0.082;0.694;0.9993
230;230;wv9mM-tcIFg;660292;52440;0;5781;0.251;0.072;0.677;0.9992
231;231;pDuR-zEvYRo;542205;20981;0;779;0.212;0.079;0.71;0.9987
232;232;cJ9e8hEEpZE;442961;16147;0;982;0.037;0.01;0.952;0.9957
233;233;gHHVZ3zl6TU;198822;6071;0;515;0.193;0.081;0.726;0.9963
234;234;UpIAzr08fak;903856;34602;0;1809;0.239;0.068;0.692;0.9998
235;235;0ooC76rWLps;664023;18219;0;1114;0.17;0.08;0.75;0.9994
236;236;2g3cdkWNE2s;744164;18434;0;889;0.192;0.064;0.744;0.9996
237;237;ctilQu7nwxg;526438;21647;0;1380;0.224;0.087;0.689;0.9997
238;238;nw-N2Uy-tB0;784139;22033;0;990;0.232;0.094;0.674;0.9997
239;239;wano7jtYJQI;438718;16155;0;792;0.157;0.065;0.778;0.9994
240;240;qRwCE4tuJLc;547380;8246;0;433;0.179;0.133;0.688;0.9352
241;241;UjL4lh1ARaw;251149;12829;0;1007;0.221;0.077;0.703;0.9999
242;242;mDPBneGDEGk;511684;22989;0;2135;0.25;0.058;0.692;0.9999
243;243;jVtHOADvi9M;527484;18300;0;636;0.189;0.067;0.744;0.9995
244;244;Q4iJAWlvWmw;581844;17073;0;1037;0.218;0.063;0.719;0.9971
245;245;JZXT8AxIL5U;615900;21052;0;1689;0.268;0.085;0.647;0.9996
246;246;SQPOOSgFL4U;719560;21691;0;1449;0.212;0.05;0.738;0.9985
247;247;cQ27FNg-g9k;499046;22645;0;1182;0.276;0.115;0.609;0.9999
248;248;E_CqNjc7t80;669029;22950;0;1506;0.194;0.052;0.755;0.9996
249;249;T38tV0DE_zM;470344;13924;0;586;0.239;0.056;0.704;0.9999
250;250;4dAFfOF1834;423531;14525;0;645;0.042;0.007;0.951;0.9985
251;251;A_uwFpblzdY;500125;19941;0;749;0.236;0.083;0.681;0.9998
252;252;Rgvk5jyQe3A;598746;23616;0;1165;0.224;0.046;0.73;0.9996
253;253;S_jVEmDdngA;882487;45326;0;1856;0.279;0.047;0.674;0.9999
254;254;zyQ7SX8BdWY;124879;2627;0;112;0.285;0.061;0.654;0.9993
255;255;W3zxeyaO-ZI;1325469;25769;0;2403;0.219;0.067;0.715;0.9985
256;256;VIIt1Bysmhw;665069;35340;0;1074;0.223;0.083;0.694;0.9955
257;257;u1qvD0qpaIk;490990;22046;0;1121;0.031;0.007;0.961;0.9923
258;258;bXR8Uj1jzCY;347275;6535;0;308;0.246;0.081;0.673;0.9795
259;259;nrsE5BTe8uk;641902;29490;0;1896;0.226;0.101;0.673;0.9996
260;260;bJ2hcjSfOmo;545921;24861;0;761;0.256;0.079;0.665;0.9998
261;261;8QYRX4oLEqc;615902;24141;0;779;0.207;0.084;0.709;0.9997
262;262;VAdgn69L3C8;1059431;22727;0;1121;0.194;0.105;0.701;0.9988
263;263;VXpNxYVsLi8;605123;17383;0;1289;0.163;0.099;0.738;0.9993
264;264;LwEOmK5mSCY;456303;16855;0;1250;0.289;0.052;0.658;0.9998
265;265;zAFD3_jnElY;793617;29492;0;1230;0.248;0.077;0.674;0.9999
266;266;USCtB4vNTQc;995167;41474;0;2984;0.285;0.049;0.666;1.0
267;267;ebALytCCKHE;752997;20984;0;1451;0.023;0.012;0.965;0.9468
268;268;nDhA_fcbpS8;691044;27728;0;1362;0.196;0.036;0.768;0.9995
269;269;aqCkr58VoLU;1147971;34216;0;1639;0.275;0.03;0.694;0.9992
270;270;0OZ_A8R8tmU;608697;28296;0;1459;0.213;0.068;0.719;0.9994
271;271;PTf7Yz4KSLs;662709;24262;0;1097;0.218;0.071;0.71;0.9999
272;272;lFh33XzY5o4;678894;35312;0;1151;0.021;0.012;0.967;0.9531
273;273;iUD3j_FK_v4;535714;19902;0;1038;0.018;0.006;0.976;0.9451
274;274;RMAiQnvUs6A;872387;24165;0;1066;0.284;0.082;0.634;0.9996
275;275;FiU1mCRRybI;560182;21043;0;848;0.312;0.063;0.625;0.9989
276;276;W-G_eJKd2xQ;907302;78601;0;4905;0.314;0.063;0.623;0.9993
277;277;ZZNY1SZaIds;763647;26177;0;1448;0.217;0.038;0.745;0.9998
278;278;2BdRtvpY0dk;512033;17676;0;1247;0.236;0.051;0.712;0.9999
279;279;gNYKLX0W0Pk;833016;27598;0;1979;0.303;0.07;0.626;0.9999
280;280;64fiuTDAv8Q;461543;14026;0;1121;0.222;0.049;0.729;0.9993
281;281;lDANXi4eMgo;596016;21805;0;692;0.018;0.009;0.973;0.8957
282;282;yllDWcotTz0;655038;24146;0;941;0.24;0.048;0.711;0.9997
283;283;ApzxFer-Acg;600586;21958;0;1911;0.028;0.003;0.968;0.994
284;284;2QzPC-GjEZo;581861;24853;0;938;0.237;0.06;0.703;0.9997
285;285;Pv1c4dDkRd0;1053120;29014;0;2929;0.287;0.044;0.67;0.9999
286;286;zIjLXAIfL4A;623795;27726;0;774;0.015;0.007;0.978;0.9371
287;287;LmlPbubynnc;839796;36884;0;2624;0.535;0.091;0.374;0.9518
288;288;YC3B9Rx4yIg;372984;15115;0;1379;0.287;0.095;0.618;0.9997
289;289;VDWvxHXJijA;543590;20778;0;968;0.252;0.075;0.673;0.9998
290;290;ayWOFSfjcCw;439742;16229;0;528;0.155;0.107;0.737;0.9984
291;291;OI1wbvd7UbU;580482;16632;0;870;0.195;0.091;0.713;0.9996
292;292;Cda-rgWkfOc;724947;22699;0;2653;0.166;0.06;0.773;0.9995
293;293;CRYocdFxXhg;813365;27860;0;857;0.015;0.007;0.978;0.9509
294;294;G90vWXwYIzo;588599;19616;0;1127;0.211;0.093;0.696;0.9994
295;295;dgsKvCSfI5I;526615;19629;0;867;0.212;0.083;0.705;0.9998
296;296;Cq5G03vwMH0;575560;22724;0;687;0.232;0.053;0.715;0.9999
297;297;Av2mhijtlg0;411625;16860;0;734;0.253;0.084;0.663;0.9997
298;298;8TF3YtBoOkI;573833;8325;0;522;0.237;0.126;0.638;0.998
299;299;FxZLHVsuwZg;905803;32812;0;1723;0.249;0.069;0.681;0.9998
300;300;kCFJMgsObCE;673155;30935;0;810;0.179;0.128;0.694;0.9957
301;301;ZuizlN2vM7I;922721;23444;0;1175;0.213;0.063;0.724;0.9997
302;302;WvbxS-wjA-s;1293037;92474;0;9737;0.039;0.006;0.955;0.9967
303;303;M_JLplqhLIU;1052535;76055;0;6182;0.289;0.114;0.597;0.9998
304;304;79h1WbD4SUM;503236;18640;0;598;0.023;0.016;0.961;0.93
305;305;pgzQgX3MzsA;688659;18065;0;1611;0.255;0.066;0.679;0.9998
306;306;4XnqgSyW-uU;579183;23182;0;910;0.216;0.062;0.722;0.9998
307;307;bPhSOVcVOBo;787905;53768;0;2311;0.284;0.083;0.633;0.9988
308;308;35W8pF2-kpc;414186;14767;0;682;0.165;0.057;0.778;0.9984
309;309;mr2TWyiJgww;706188;17340;0;1463;0.254;0.075;0.672;0.9998
310;310;Wk1TbB1bc0I;540075;22192;0;1943;0.29;0.046;0.664;0.9999
311;311;DgnwEchQ6GY;237195;10642;0;899;0.236;0.05;0.714;0.9994
312;312;4F7R9DfwvY0;584022;16058;0;1668;0.273;0.091;0.636;0.9998
313;313;eU_luB68tL0;1682290;51365;0;2514;0.291;0.057;0.653;0.9996
314;314;TNRJyMgwYDY;643421;16132;0;2549;0.198;0.064;0.738;0.9992
315;315;jgTU2IuxYd4;697523;21827;0;1463;0.214;0.061;0.724;0.9999
316;316;9tvYM9uo8Rk;483438;23331;0;571;0.227;0.088;0.686;0.9989
317;317;Dp66fZmbh6A;548576;17719;0;991;0.189;0.093;0.717;0.999
318;318;50tQPtn1fiE;667033;16105;0;836;0.234;0.094;0.671;0.9985
319;319;vYCJTYBYL1U;555487;21641;0;623;0.023;0.011;0.966;0.9712
320;320;p0RjT9SNFxc;471676;21756;0;880;0.273;0.049;0.677;0.9999
321;321;m8oxJP4RM0c;641612;17674;0;1401;0.161;0.044;0.796;0.9877
322;322;DEZzoZKi7N4;585136;32571;0;1607;0.244;0.054;0.702;0.9999
323;323;pm74reA9nWk;770879;28970;0;1819;0.191;0.032;0.777;0.9993
324;324;DJG040NbhCE;667433;15998;0;871;0.197;0.06;0.743;0.9996
325;325;NCm8O2udqxE;404317;16774;0;2728;0.028;0.01;0.962;0.9895
326;326;bTYsIlyRjOg;1185932;32296;0;6525;0.161;0.043;0.796;0.9974
327;327;uvzMj1rNjpw;998470;27148;0;1554;0.284;0.055;0.661;0.9998
328;328;rmKTrLR2kkU;525301;20316;0;568;0.235;0.042;0.724;0.9997
329;329;XU47aNFCmcw;447595;24183;0;1386;0.302;0.08;0.618;1.0
330;330;XCWN5zStCIs;1102661;28519;0;2058;0.232;0.073;0.696;0.9998
331;331;jx7-evypX50;514029;22453;0;718;0.227;0.058;0.716;0.9999
332;332;VFlSNEmyX7g;1175116;69232;0;6087;0.21;0.054;0.736;0.9995
333;333;n_etfesTPVY;526693;17794;0;644;0.214;0.076;0.71;0.9998
334;334;7aX-8F-ndeg;699107;25889;0;3400;0.288;0.017;0.695;0.9818
335;335;U5h5LA0GUpc;587044;18926;0;1102;0.222;0.065;0.713;0.9994
336;336;gMnfYPA56gM;819391;24656;0;1712;0.197;0.082;0.722;0.9998
337;337;v02R5d7Lg7w;876042;27788;0;1883;0.223;0.095;0.682;0.9997
338;338;5tEJ5Da-JjQ;612609;16131;0;930;0.198;0.033;0.769;0.9996
339;339;NMk2JjrO1hc;526911;20448;0;748;0.185;0.102;0.713;0.999
340;340;Ptb76LOlbi8;1144067;31072;0;1298;0.024;0.01;0.966;0.9868
341;341;Yc3gNa9ujYU;1284680;43159;0;2230;0.259;0.066;0.675;0.9999
342;342;Wqmne0Vn1Uk;431146;16469;0;430;0.229;0.11;0.661;0.9998
343;343;6-DPNto7Ruw;130156;3879;0;431;0.203;0.027;0.77;0.9783
344;344;lG1tJ549ofU;575191;12979;0;627;0.293;0.058;0.649;0.9999
345;345;vnjza1svqYQ;535275;22554;0;1258;0.232;0.078;0.69;0.9997
346;346;4BQFvouSDOg;519853;14954;0;958;0.219;0.062;0.719;0.9999
347;347;w_Lw0Ix2E54;299198;13445;0;1679;0.221;0.059;0.72;0.9995
348;348;S00mYlWizqc;690081;25793;0;1941;0.221;0.088;0.691;0.9971
349;349;0jJnZWOEOAI;694123;26278;0;1279;0.236;0.056;0.708;0.9999
350;350;N1wic3ye4A8;948472;24892;0;1788;0.236;0.064;0.7;0.9997
351;351;3z2JoqU-JiE;525587;14707;0;1403;0.185;0.075;0.74;0.9995
352;352;Ozce1EYBdmM;626172;23464;0;2286;0.204;0.073;0.723;0.997
353;353;38nV1BhcepE;658233;25209;0;1707;0.289;0.079;0.632;0.9977
354;354;WtaTr8XOyAY;818925;37533;0;1874;0.211;0.035;0.754;0.9994
355;355;oEwufx9HEgU;975158;40320;0;2134;0.253;0.068;0.679;0.9998
356;356;fACLOp12uDw;806145;27510;0;1719;0.333;0.081;0.587;0.9999
357;357;1m7B4vI43BE;659212;18086;0;958;0.184;0.049;0.767;0.9994
358;358;uMUNIijaWgc;978548;25892;0;1078;0.186;0.087;0.727;0.9972
359;359;g3ahKqJEpRY;1560921;87946;0;5899;0.264;0.05;0.686;0.9998
360;360;nV1niQVFyHI;538554;22072;0;901;0.269;0.064;0.667;0.9997
361;361;-Hn43WGe4ws;152874;2581;0;235;0.214;0.045;0.741;0.999
362;362;y05kScfXQAs;541211;7784;0;536;0.152;0.067;0.781;0.9945
363;363;JPYh19wAyvs;464340;20165;0;587;0.232;0.086;0.682;0.9997
364;364;fhnQ4_Gi8GU;566238;20402;0;1226;0.229;0.077;0.694;0.9836
365;365;8z6_4BaSh7Q;99468;4016;0;454;0.256;0.047;0.698;0.9995
366;366;Fu_bAG221zI;637068;26452;0;1886;0.251;0.085;0.665;0.9997
367;367;RMJyAGUsEx8;105329;2524;0;113;0.241;0.068;0.691;0.9994
368;368;ePbl4cOG-Oc;727770;32161;0;976;0.214;0.044;0.743;0.9998
369;369;pAYZYraWyyI;723754;24454;0;1972;0.25;0.086;0.664;0.9991
370;370;uhonMbfnmeE;1047129;39299;0;3700;0.236;0.065;0.699;0.9998
371;371;_7JFBk1R020;1127457;33031;0;913;0.023;0.016;0.96;0.9413
372;372;-P_6_AJKuhI;612459;22670;0;1097;0.188;0.082;0.73;0.9988
373;373;vAYWlvhzXYo;540574;19565;0;885;0.018;0.009;0.973;0.9747
374;374;5FK9fmzTCYo;1580751;28233;0;1724;0.217;0.045;0.738;0.9995
375;375;i_Gh72dbGMY;651830;9876;0;611;0.168;0.094;0.738;0.9881
376;376;Cz6OpYvh-Rk;584715;25288;0;3832;0.207;0.088;0.705;0.9998
377;377;NpKpFRNeKeA;630978;25252;0;963;0.255;0.036;0.709;0.9994
378;378;QUTqtN_n8qc;484393;18694;0;606;0.181;0.061;0.758;0.9998
379;379;BHPa8x-2iuw;905719;30271;0;2094;0.26;0.08;0.659;0.9998
380;380;lbQO3Q2ucgo;1051571;24724;0;2141;0.252;0.046;0.702;0.9999
381;381;VXxmYW74osI;542286;14269;0;907;0.182;0.091;0.728;0.9994
382;382;ROnHXbsNmLI;924010;30832;0;1292;0.244;0.042;0.714;0.9986
383;383;IjhOKFYpdOg;865031;33747;0;1794;0.245;0.065;0.69;0.9992
384;384;QDAYzl2aQp0;712665;27871;0;2668;0.174;0.087;0.739;0.9993
385;385;1CqSc5zw9gw;548870;20427;0;678;0.223;0.094;0.684;0.9994
386;386;rw5D7nk-snA;1006997;56627;0;3490;0.232;0.053;0.715;0.9998
387;387;GkKI938cLI4;642829;22744;0;819;0.234;0.081;0.685;0.9994
388;388;L0s958pJiW0;850208;33198;0;1668;0.223;0.067;0.711;0.9999
389;389;5ap0IFAVIFs;1123025;35121;0;1945;0.266;0.046;0.688;0.9999
390;390;qVwJNNcIM2A;658533;19792;0;1276;0.161;0.063;0.776;0.9996
391;391;in1CG_eBmBU;522048;19023;0;3280;0.24;0.074;0.686;0.9999
392;392;9ATDctTjfmE;489197;15780;0;710;0.2;0.041;0.759;0.9997
393;393;eXvklxzbLLk;963332;33058;0;1809;0.265;0.078;0.656;0.9999
394;394;-dSpy82CXg0;795676;31975;0;2417;0.222;0.068;0.711;0.9992
395;395;QGHUHEh5QA8;1132679;46588;0;2820;0.212;0.079;0.71;0.9998
396;396;IdFiTtRtNE4;957212;23053;0;1368;0.192;0.099;0.709;0.9994
397;397;WRbecJSrYSU;515892;20356;0;2636;0.252;0.065;0.683;0.9999
398;398;g86fbFrhXu8;672866;27041;0;3708;0.029;0.02;0.951;0.8834
399;399;OI-_a0bWM6w;830585;24115;0;1444;0.218;0.06;0.721;0.9994
400;400;QVwjYSZ2_I4;538817;14280;0;583;0.159;0.105;0.736;0.9756
401;401;N0PDJ-GRZC0;1012301;28167;0;1441;0.205;0.089;0.706;0.9983
402;402;xpkdh0LT09g;948618;37396;0;2903;0.016;0.002;0.982;0.9819
403;403;skvUHMisnKQ;656636;21885;0;752;0.153;0.106;0.741;0.9099
404;404;g_EwDqbEkkQ;595446;23014;0;744;0.205;0.064;0.73;0.9996
405;405;qb5wOAZDtHk;760036;29974;0;1367;0.035;0.011;0.953;0.9945
406;406;UBAYL5g0nEk;646618;17353;0;905;0.189;0.067;0.744;0.9991
407;407;w2I5MfnSEGc;869593;28858;0;1738;0.247;0.064;0.69;0.9998
408;408;8qrMJ3se28A;953544;19722;0;973;0.023;0.01;0.967;0.9774
409;409;wMPaqrBI9vA;656744;21389;0;1444;0.252;0.027;0.72;0.9994
410;410;jXSinQ503YM;553899;14883;0;543;0.257;0.057;0.686;0.9995
411;411;qvLNdKvCNlE;641847;17525;0;949;0.194;0.069;0.737;0.9996
412;412;QrWaYj9WjFI;491936;18137;0;1197;0.224;0.089;0.686;0.9998
413;413;n8l109wIUG4;492928;20557;0;1043;0.025;0.007;0.969;0.9867
414;414;SKzp17yoLRI;580885;23971;0;947;0.231;0.059;0.71;0.9995
415;415;AJrmGAoV42Q;359060;26695;0;1656;0.206;0.105;0.69;0.9994
416;416;7NAfi6Jl4pY;486384;20875;0;853;0.228;0.076;0.696;0.9997
417;417;IqK8oPUXgh4;60666;2655;0;237;0.295;0.056;0.65;0.9998
418;418;gHAEzooJO7k;646760;25980;0;1504;0.039;0.014;0.947;0.9966
419;419;O-0Bwz-_MW4;541689;19761;0;943;0.166;0.087;0.746;0.9973
420;420;hut6KvrIRZE;1226831;23291;0;1264;0.234;0.071;0.695;0.9994
421;421;FE50Rxtq_d8;1333177;47683;0;4681;0.023;0.004;0.973;0.9903
422;422;sOrewSnvvQ8;1725655;59691;0;2908;0.224;0.075;0.701;0.9996
423;423;XvgNgM_lVVk;644305;18908;0;952;0.13;0.057;0.812;0.9975
424;424;WG4YewaXDK8;987735;25506;0;3235;0.168;0.086;0.746;0.999
425;425;8y3WT35uI_I;624073;22552;0;818;0.274;0.112;0.614;0.8977
426;426;NmPCDpbAREw;536581;15127;0;1041;0.227;0.078;0.695;0.9998
427;427;d17VPpyuiz8;729903;42107;0;2337;0.276;0.101;0.623;0.9999
428;428;dEQWfr6_xhg;595541;24131;0;1700;0.221;0.071;0.708;0.9998
429;429;O-HV_tnYZ5w;686527;25439;0;1309;0.273;0.086;0.641;0.9997
430;430;_zxulfQoQDY;655009;25874;0;5573;0.308;0.103;0.589;0.9998
431;431;88Ro1cZIaVA;620668;17513;0;519;0.166;0.061;0.773;0.9944
432;432;4-yehzUJ3LE;552740;20858;0;582;0.255;0.055;0.69;0.9999
433;433;GidIZ38anQ4;1166312;46114;0;3298;0.239;0.126;0.635;0.9993
434;434;Xf-CAel9afw;841768;19073;0;1025;0.185;0.102;0.713;0.998
435;435;3Wpzn6soqBc;636838;21634;0;1151;0.227;0.041;0.732;0.9967
436;436;Ind4nh2H0_0;1074822;30410;0;2079;0.046;0.009;0.945;0.9973
437;437;RtFZuIBQl64;598358;47757;0;2743;0.255;0.107;0.639;0.9999
438;438;DawIo2PCqBY;560269;17437;0;630;0.255;0.069;0.676;0.9985
439;439;zDgUOPLRuXA;420146;13077;0;808;0.217;0.065;0.718;0.9993
440;440;jr5t2gN2cUE;558670;46036;0;2293;0.252;0.077;0.671;0.9978
441;441;Bf2_4-cpyE0;461178;20012;0;947;0.213;0.059;0.728;0.9996
442;442;IlkcxK3ZLpM;905731;45294;0;2574;0.227;0.073;0.7;0.9994
443;443;PF3MSETIo9M;962885;36437;0;2507;0.029;0.009;0.962;0.9925
444;444;zpsB6xNv2ho;974952;26185;0;1323;0.255;0.078;0.667;0.9972
445;445;tPoVDSnSgEQ;397300;13039;0;928;0.192;0.068;0.74;0.9992
446;446;gqQWH-ps48I;506041;23429;0;584;0.186;0.129;0.685;0.9918
447;447;_iFTFtjbRtU;494770;24104;0;1586;0.248;0.066;0.686;0.9999
448;448;mI8Ab0cAVoM;664675;18967;0;692;0.264;0.051;0.686;0.9997
449;449;unpcO5pkqwY;547070;21917;0;1173;0.212;0.058;0.73;0.9992
450;450;iPGyCUlt7Zo;601677;25463;0;4224;0.27;0.065;0.664;0.9998
451;451;39DpWKTIn3g;883502;25705;0;1428;0.201;0.077;0.722;0.9995
452;452;E5J0Udob4AY;741380;39805;0;1473;0.195;0.069;0.736;0.9996
453;453;eyVuiiG_AGc;491631;17423;0;1074;0.241;0.034;0.724;0.9996
454;454;FmWrmv4dwlo;1038973;31193;0;2281;0.184;0.075;0.741;0.9986
455;455;7ogFeeV-XQw;1441450;54345;0;5192;0.211;0.064;0.725;0.9998
456;456;7bsHI9sYoM8;510757;14308;0;1148;0.195;0.07;0.734;0.9994
457;457;tLg3QPvLacY;770145;29322;0;1584;0.243;0.063;0.694;0.9997
458;458;CeW7VSNvH5I;555552;21644;0;966;0.177;0.075;0.748;0.974
459;459;q1P3lvWoQ-E;505967;19681;0;1321;0.198;0.073;0.729;0.9991
460;460;ffDXhm2vjDs;551378;27846;0;1093;0.274;0.076;0.649;0.9999
461;461;Ozuz_l0TN_I;722008;27173;0;4339;0.207;0.071;0.722;0.9998
462;462;kOCkQAxi_gQ;441765;24402;0;954;0.276;0.057;0.668;0.9999
463;463;m9kgn432wGo;122991;2013;0;169;0.16;0.061;0.779;0.9933
464;464;-hJeatYbiiU;707006;17878;0;972;0.213;0.126;0.661;0.9992
465;465;7DNh-15CwUQ;522217;14786;0;1181;0.233;0.069;0.697;0.9998
466;466;buZCrHmaCLw;437988;18574;0;3537;0.185;0.05;0.765;0.9992
467;467;3S0x8lNHjKg;592126;20351;0;1217;0.026;0.014;0.96;0.9764
468;468;mm0sZQvFH2g;488150;20353;0;538;0.191;0.032;0.778;0.9992
469;469;8zdBcpzr3Y4;848652;23867;0;2990;0.254;0.064;0.682;0.9999
470;470;yQQ472O3d4s;518233;18058;0;1918;0.212;0.058;0.73;0.9997
471;471;hl5txOjLddQ;413415;10511;0;1323;0.293;0.091;0.616;1.0
472;472;95E8QdoHnn0;862309;36054;0;1403;0.227;0.088;0.685;0.9993
473;473;GR4yiRD2g8E;766503;38406;0;2260;0.034;0.009;0.958;0.9972
474;474;KF1yMNhq53g;549279;24317;0;6028;0.211;0.075;0.713;0.9997
475;475;UKnF5LdGZRo;633482;18463;0;1022;0.18;0.059;0.762;0.9997
476;476;swfOOExF_YQ;1504094;36399;0;2729;0.297;0.073;0.63;0.9997
477;477;iCFhpzwbctc;1231929;43219;0;2329;0.034;0.008;0.958;0.9962
478;478;D6Q6doA7Sy4;71061;3328;0;269;0.289;0.049;0.662;0.9987
479;479;rR6es-az7Vk;1027301;39242;0;2099;0.231;0.072;0.698;0.9991
480;480;kUrjdAtJYuU;155096;3036;0;212;0.235;0.047;0.718;0.9993
481;481;I94PZ3q_u6M;667104;21738;0;1056;0.258;0.044;0.698;0.9999
482;482;0IgAdy91Uio;820967;22928;0;2024;0.228;0.071;0.701;0.9999
483;483;qd2YK46r8kQ;1096718;23614;0;2012;0.219;0.051;0.73;0.9997
484;484;hqyBffDOVUY;811437;37000;0;2044;0.19;0.067;0.744;0.9991
485;485;uzKNVndQFFg;543125;23703;0;1638;0.034;0.012;0.953;0.9978
486;486;w8SACz-l4DE;669640;19657;0;1018;0.211;0.075;0.714;0.9997
487;487;bgOsDrdBeWs;1021031;39647;0;2752;0.277;0.047;0.677;1.0
488;488;oGWzoNiWGk4;572041;21149;0;765;0.012;0.005;0.983;0.9493
489;489;trRCNKziPXY;457763;26247;0;2070;0.252;0.071;0.676;0.9999
490;490;DdrEMcel3nw;572474;20827;0;824;0.188;0.069;0.743;0.9996
491;491;45aA4LEys7g;438158;17143;0;1014;0.25;0.04;0.71;0.9999
492;492;NJ6W0VznNYI;537604;17125;0;2200;0.13;0.132;0.738;0.1513
493;493;R8N2zKxy1zY;616837;24592;0;1183;0.232;0.062;0.707;0.9999
494;494;eR7GK7ZCp5k;677737;24657;0;1623;0.267;0.056;0.676;0.9999
495;495;YpjUtfGhNkc;669046;26419;0;1847;0.222;0.047;0.731;0.9997
496;496;PXNjFcUX5Po;681869;28672;0;787;0.03;0.012;0.957;0.9926
497;497;lwg-nhor_v8;570092;21129;0;844;0.208;0.055;0.737;0.9998
498;498;8yF5omB76VA;522211;18013;0;1011;0.04;0.01;0.95;0.9967
499;499;GXMvOoevy9M;1319854;33207;0;7930;0.025;0.009;0.965;0.9882
500;500;Tmb8KilwJ4s;968828;17791;0;1142;0.224;0.086;0.69;0.9974
501;501;h2kNE4fHiQs;617543;22363;0;1647;0.229;0.049;0.722;0.9998
502;502;C7rWK4p2_yg;566334;21620;0;1393;0.222;0.101;0.677;0.9996
503;503;xo91RUvtA-c;960352;106783;0;7399;0.24;0.04;0.72;0.9994
504;504;DEz2W5ZpObk;875099;36732;0;1823;0.318;0.069;0.614;0.9999
505;505;X8sHhzBPUrU;1068137;103696;0;11290;0.339;0.073;0.588;0.987
506;506;DBjm9C8fKiA;703454;36550;0;2544;0.231;0.072;0.696;0.9998
507;507;q9llNVNdSiU;804875;21185;0;1217;0.175;0.068;0.757;0.9968
508;508;EmxajK5B8sk;539336;16627;0;719;0.232;0.073;0.695;0.9986
509;509;QbWUFq82B2k;568958;22356;0;744;0.252;0.102;0.646;0.9994
510;510;P-aEZ5QCLfU;434040;18938;0;678;0.242;0.066;0.692;0.9997
511;511;FQDGXMdiAHQ;596221;16303;0;534;0.184;0.052;0.763;0.9989
512;512;gJCEw51Afdk;628558;31238;0;1251;0.209;0.05;0.741;0.9999
513;513;C9gFg7WjpdY;1067320;32089;0;1025;0.257;0.053;0.69;0.9993
514;514;4W9D38KoRmg;750443;38763;0;1379;0.258;0.095;0.647;0.9985
515;515;oT42C-HrTDk;666862;24356;0;942;0.23;0.077;0.693;0.9996
516;516;ClGL-3aCCQg;691173;23843;0;3417;0.25;0.079;0.671;0.9999
517;517;qsJkzzAss6A;634815;20938;0;5452;0.187;0.061;0.752;0.999
518;518;mp0kxefVzd8;1184560;97493;0;6421;0.303;0.042;0.656;0.9998
519;519;q46wjZqfao8;683371;27566;0;848;0.22;0.094;0.686;0.9995
520;520;UWAI_x0hc30;445207;23025;0;3868;0.027;0.003;0.969;0.9936
521;521;G1rr2aE6hz0;636821;20494;0;1351;0.184;0.091;0.725;0.9994
522;522;o-ow_QeucbI;854049;26945;0;1767;0.246;0.058;0.695;0.9999
523;523;VDrwnwhOMeY;1412278;37720;0;1663;0.221;0.073;0.706;0.9997
524;524;FmcSw_hvbjI;559515;30082;0;451;0.232;0.092;0.676;0.9972
525;525;BmqjQ2pvLTs;139466;5272;0;491;0.285;0.041;0.674;0.9998
526;526;GF5JFjG96Jo;439627;15315;0;894;0.264;0.043;0.693;0.9996
527;527;lxkFgkEscY4;466894;19104;0;504;0.228;0.078;0.694;0.9998
528;528;D5koM8xithk;904370;28942;0;1801;0.253;0.088;0.66;0.9999
529;529;28EeUzoEQnU;653829;18277;0;1186;0.221;0.057;0.722;0.9996
530;530;YRrnIgIGdoY;914592;23504;0;1260;0.171;0.065;0.763;0.9994
531;531;ROwhpbEMiUs;1250657;34701;0;1499;0.249;0.07;0.681;0.9999
532;532;7M-MHrLOt9k;515198;14630;0;669;0.18;0.091;0.73;0.9995
533;533;No5uBGX7t-M;275064;4438;0;370;0.272;0.043;0.685;0.9998
534;534;pJqj_9GZe9w;653831;24709;0;1152;0.206;0.062;0.732;0.9998
535;535;LuVfXZcEQuo;546663;19844;0;2032;0.256;0.086;0.658;0.9999
536;536;Nl8otbwNnpE;754352;19714;0;1584;0.206;0.063;0.731;0.9997
537;537;4oDX9EtEsas;579119;21882;0;622;0.019;0.016;0.965;0.6705
538;538;FkY7DlLKw40;148128;2400;0;119;0.283;0.04;0.677;0.9992
539;539;_AY5Kds5JMY;1032587;21362;0;1039;0.025;0.004;0.971;0.9894
540;540;F6hXHgcweBw;682549;26424;0;1537;0.023;0.006;0.971;0.9868
541;541;RIWMJvZCIbs;573076;22665;0;1288;0.23;0.046;0.723;0.9999
542;542;BikVGKsLMwk;586823;21793;0;1956;0.225;0.056;0.719;0.9994
543;543;ZUfN4-Rx_mI;628531;41691;0;3952;0.207;0.057;0.735;0.9994
544;544;erLNU0cJvkY;709121;19709;0;1015;0.19;0.07;0.74;0.9992
545;545;-JdamvzP6a0;613094;27199;0;1758;0.241;0.061;0.698;0.9998
546;546;xoGsWdg5jVA;1070328;43622;0;3742;0.203;0.09;0.707;0.9991
547;547;4AA46NCfA48;1315053;73230;0;8686;0.017;0.011;0.972;0.9371
548;548;ieIT_g7p9TY;440389;21422;0;778;0.239;0.079;0.683;0.9986
549;549;LDlW9c2Q6dA;575358;19616;0;947;0.235;0.051;0.715;0.9998
550;550;GJ6rylW5D7I;615897;27778;0;727;0.263;0.058;0.68;0.998
551;551;IawuVi5QCvU;477392;17756;0;874;0.008;0.001;0.991;0.9001
552;552;qmiiZiKXvkY;449878;15655;0;729;0.209;0.063;0.729;0.9998
553;553;0HUAB1D0bEk;108604;4711;0;583;0.222;0.057;0.721;0.9991
554;554;n5GRSSLFwts;496546;21146;0;1303;0.247;0.068;0.684;0.9989
555;555;StBtJ8RUvwc;615834;33622;0;1623;0.237;0.064;0.699;0.9999
556;556;Ft0CwhlcjPU;581468;18567;0;1080;0.281;0.074;0.646;0.9999
557;557;pP1SPkt753Y;587434;15310;0;1120;0.169;0.088;0.743;0.9973
558;558;MvfhaiBE3pM;583628;26847;0;923;0.206;0.114;0.68;0.9983
559;559;dot4q4E_ZyE;791472;27500;0;1391;0.178;0.057;0.764;0.9996
560;560;4m4tlwOs-Zk;508733;19771;0;917;0.2;0.06;0.74;0.9997
561;561;lBtiTFTNCoY;640753;18880;0;1446;0.284;0.067;0.649;0.9996
562;562;1bMOCi9UcWI;705674;20127;0;2006;0.245;0.082;0.673;0.9995
563;563;aDUh3tTbxPs;502312;17947;0;1397;0.266;0.077;0.657;0.9996
564;564;yNMv4cVM0WY;591795;20980;0;996;0.305;0.069;0.627;1.0
565;565;WrUh0C26rqA;717785;25168;0;2213;0.229;0.039;0.731;0.9998
566;566;VOCaNUreZiU;715575;22454;0;1043;0.246;0.053;0.701;0.9994
567;567;tMCTN6j-S5I;591636;21192;0;975;0.247;0.06;0.693;0.9999
568;568;_4k3MC0bMh8;577485;18428;0;1670;0.198;0.07;0.732;0.9998
569;569;uZjZ6AwBMQI;469114;13612;0;561;0.19;0.06;0.749;0.9986
570;570;Dw-GN1YjG0k;344374;8081;0;909;0.182;0.052;0.766;0.9904
571;571;HFz680rNaLU;867665;36120;0;2166;0.245;0.088;0.668;0.9998
572;572;-vu-KOHhb1Q;719387;19450;0;1016;0.293;0.046;0.661;0.9997
573;573;9kqeG_PobUA;707875;39189;0;2118;0.273;0.087;0.64;0.9995
574;574;LFLKIE2AgEk;700658;37345;0;2675;0.211;0.061;0.728;0.9973
575;575;5HpT14Jydcs;1025977;25587;0;2433;0.208;0.092;0.701;0.9996
576;576;ll-SILZmTyE;1519952;17950;0;1177;0.239;0.069;0.692;0.9987
577;577;JALZDQoQ20k;593172;17635;0;1107;0.198;0.048;0.754;0.9994
578;578;B663NcBRo7I;601772;15839;0;824;0.234;0.062;0.704;0.9998
579;579;O2oQ0vtBT7U;615116;21265;0;1607;0.032;0.011;0.956;0.9914
580;580;r-FVZIkDNxI;734261;45699;0;1945;0.243;0.097;0.66;0.9972
581;581;VfaH9zCtDRw;715745;21531;0;1195;0.226;0.08;0.694;0.9998
582;582;HR4rrWrNTok;592523;26666;0;1134;0.155;0.071;0.774;0.995
583;583;xUO26vGNEyA;630045;32348;0;2263;0.22;0.075;0.705;0.9999
584;584;g36sPZik45c;687745;22644;0;5476;0.216;0.067;0.717;0.9999
585;585;mIuqPjKYoUE;432571;15558;0;1147;0.03;0.007;0.963;0.9919
586;586;nl0sYThTlVw;683931;19222;0;1379;0.2;0.04;0.76;0.9977
587;587;wkxhjeiJo3A;602774;20799;0;2388;0.227;0.063;0.71;0.9998
588;588;UMige1w_1ys;526864;21459;0;753;0.019;0.011;0.971;0.9313
589;589;xtbU9KbZ2_g;503605;22017;0;825;0.204;0.07;0.726;0.9975
590;590;dBFa-hI6M2U;604106;22919;0;1932;0.04;0.001;0.958;0.9978
591;591;5A36Xwj9SEU;647240;31505;0;743;0.226;0.074;0.699;0.9975
592;592;kBkz1SQuh0o;533849;14263;0;899;0.308;0.053;0.638;0.9999
593;593;Z1gEaH10n7I;679355;25656;0;1201;0.216;0.099;0.685;0.9357
594;594;Ahb7j7rbbMM;1146140;36010;0;6546;0.194;0.054;0.752;0.9996
595;595;iHcSxjG9kGg;693628;31453;0;1644;0.237;0.053;0.71;0.9999
596;596;pGluXomrsHM;822001;22724;0;950;0.181;0.057;0.762;0.9996
597;597;KTf6LcuvgZE;542209;22695;0;2368;0.271;0.086;0.643;0.9999
598;598;bJpRsR_gFzg;561365;6284;0;393;0.198;0.122;0.68;0.9927
599;599;lafIhAHm2uQ;489145;19166;0;1047;0.213;0.088;0.699;0.9985
600;600;ND_Z0BnRMxA;903444;22482;0;1255;0.248;0.083;0.669;0.9995
601;601;ZXz2lHWE--4;881510;25031;0;1121;0.167;0.085;0.748;0.9968
602;602;sfIZYEX6na4;933891;23158;0;1086;0.215;0.087;0.698;0.9996
603;603;1mPn_5C-6As;231715;7279;0;453;0.175;0.027;0.798;0.9888
604;604;cX0S48iH6x4;1199877;34682;0;2408;0.039;0.009;0.952;0.9991
605;605;njGqG6hQCRk;510346;12914;0;2718;0.024;0.01;0.966;0.9855
606;606;hEjvCdunsMM;653814;20939;0;1521;0.163;0.051;0.786;0.9995
607;607;-a-Wq6FnNHA;734532;40741;0;2561;0.013;0.006;0.981;0.959
608;608;OU4cuXR9dKY;585287;19056;0;2849;0.266;0.055;0.679;0.9999
609;609;RVyWEFq5gO4;720435;28881;0;1081;0.032;0.019;0.949;0.9794
610;610;v33_23PJ_jQ;1016495;37574;0;2549;0.169;0.078;0.752;0.9991
611;611;jmVV4VHToHc;798779;25913;0;1961;0.212;0.058;0.73;0.9994
612;612;8lZdJ-XTU24;714844;40697;0;2068;0.227;0.068;0.705;0.9998
613;613;xNZqBOe4YVg;552743;22224;0;1362;0.264;0.069;0.667;0.9999
614;614;LUsOpcQdBys;863022;22049;0;1832;0.231;0.084;0.686;0.9996
615;615;qGanQFvZhWs;489905;21979;0;2168;0.028;0.009;0.963;0.9935
616;616;Kyy6_mXJ0EQ;537437;23150;0;801;0.177;0.119;0.705;0.9974
617;617;eLotnLzLWpE;506011;5254;0;343;0.192;0.103;0.705;0.9913
618;618;AVzve8UalQA;604870;14543;0;893;0.175;0.065;0.76;0.9995
619;619;ywwD6lkY9t0;629313;31225;0;1804;0.043;0.01;0.947;0.9978
620;620;HHKXeFH1X2U;836767;21555;0;958;0.257;0.07;0.673;0.9961
621;621;gzQb1FIFkvQ;714407;27547;0;2665;0.243;0.073;0.683;0.9999
622;622;UPowAj1wnUM;809311;19916;0;1649;0.198;0.078;0.724;0.9995
623;623;JLsNpjPuu4w;995547;29494;0;1170;0.205;0.053;0.742;0.9976
624;624;AjX4_k_DPjc;1251402;34936;0;2267;0.281;0.054;0.664;0.9999
625;625;5JPzlvi3kdc;569339;24745;0;755;0.257;0.052;0.69;0.9999
626;626;9_9BIP369aU;780225;28067;0;2674;0.152;0.1;0.749;0.9976
627;627;_Z61bNLW6l8;531302;19412;0;903;0.212;0.072;0.716;0.9998
628;628;tcAhKOa-L_Y;844772;29361;0;2833;0.235;0.07;0.696;0.9991
629;629;G_PutQ7uUEg;801064;26194;0;1526;0.171;0.085;0.743;0.9979
630;630;D59ZgO_Ltsc;457191;13902;0;1001;0.263;0.053;0.685;0.9997
631;631;-SslwXGo25w;60563;2773;0;482;0.278;0.05;0.672;0.9996
632;632;hSX9GIas09M;718789;22687;0;1494;0.217;0.084;0.699;0.9995
633;633;Y5ELNpJEKgM;454906;7367;0;452;0.197;0.075;0.728;0.9962
634;634;_9AhkpNhXhg;335549;4143;0;247;0.097;0.107;0.796;-0.7946
635;635;cGNWleFXMow;952598;19934;0;1242;0.198;0.084;0.718;0.9994
636;636;ewp4QUbpcxY;442382;16348;0;807;0.208;0.071;0.72;0.9996
637;637;Z0g2Q_LJd-4;712142;33820;0;1709;0.233;0.088;0.678;0.9999
638;638;DJ37Z6WDj4E;794008;36610;0;1519;0.278;0.055;0.667;0.9998
639;639;0u-P3chJ5Xg;519856;18318;0;1027;0.218;0.061;0.721;0.9996
640;640;pINdQXEJefI;960695;34006;0;1418;0.225;0.075;0.7;0.9988
641;641;h0OKoVebxQM;980544;21914;0;927;0.234;0.052;0.714;0.9994
642;642;T_SwoDlC1v8;573130;14868;0;1007;0.184;0.062;0.754;0.9995
643;643;SUyRm4FUmSc;78514;3548;0;281;0.276;0.049;0.674;0.9998
644;644;XW3V5Ta5Ydc;400770;16025;0;3044;0.219;0.071;0.71;0.9997
645;645;M8NaFpYnBlU;794030;23886;0;2089;0.276;0.076;0.648;0.9994
646;646;fg0Bb-qwmL0;542889;37609;0;6439;0.02;0.015;0.965;0.875
647;647;txzoylyq3SI;467952;13100;0;574;0.205;0.069;0.726;0.9956
648;648;acGdywmDf3k;686298;33780;0;2658;0.235;0.075;0.69;0.9992
649;649;QGPZPStYu4Y;625638;24935;0;1231;0.209;0.066;0.725;0.9997
650;650;AxozMhyGy0g;572214;18591;0;1019;0.326;0.011;0.663;0.9944
651;651;31p9f1vSsrw;749851;26103;0;2112;0.26;0.057;0.684;0.9999
652;652;JZNlhLRAjMw;648138;20805;0;1115;0.243;0.032;0.725;0.9998
653;653;yPECavrNDFM;629355;26025;0;2276;0.017;0.007;0.976;0.9595
654;654;DjO8kfrINfw;685701;27770;0;733;0.181;0.079;0.74;0.9992
655;655;Ljl2nLFnyiM;489729;18666;0;1178;0.226;0.066;0.708;0.9995
656;656;7q3-PiJy7yE;663271;40882;0;1425;0.231;0.042;0.726;0.9934
657;657;sccbJOPbOF0;337402;12193;0;949;0.249;0.041;0.709;0.9995
658;658;gO-XnNx7QaA;583277;26917;0;2212;0.244;0.083;0.673;0.9976
659;659;Ha5RroPuqE8;1411682;28579;0;1668;0.272;0.065;0.663;0.9998
660;660;C6lfhuO3oxk;611078;23606;0;1780;0.206;0.071;0.723;0.9998
661;661;HES7mjykdX4;683913;19149;0;944;0.18;0.075;0.746;0.9987
662;662;H-eBoWsm1K4;163682;2834;0;252;0.191;0.046;0.763;0.9992
663;663;wb7KInyW2AY;746746;29572;0;1745;0.031;0.004;0.964;0.9953
664;664;_H4Pkxq8l3o;92742;4500;0;529;0.231;0.081;0.688;0.9956
665;665;CGrYHwbkrwg;844955;24544;0;2020;0.237;0.058;0.706;0.9998
666;666;J_FgUoaKLns;429318;26165;0;995;0.192;0.076;0.732;0.9997
667;667;1EApyMGsNJ8;730279;19783;0;952;0.202;0.118;0.68;0.9995
668;668;A3kKEhvuJ5E;87651;3650;0;618;0.211;0.047;0.742;0.9956
669;669;fmagPrWCIAE;676572;18158;0;1219;0.253;0.07;0.676;0.999
670;670;OniiDH-iaD8;973360;22269;0;1654;0.186;0.059;0.755;0.999
671;671;pt-wNAj8p-A;467922;22704;0;1101;0.278;0.074;0.648;0.9991
672;672;HI972KdqtV4;728968;36614;0;2294;0.03;0.003;0.968;0.9948
673;673;e934WvSNCao;607885;18918;0;1272;0.296;0.071;0.633;0.9999
674;674;GfErbmlbYIo;478672;18867;0;1354;0.266;0.035;0.699;0.9999
675;675;LtvxtjdctLE;769111;40262;0;1682;0.231;0.069;0.7;0.9995
676;676;wLY89119Yhs;931359;22408;0;2333;0.155;0.076;0.769;0.9984
677;677;9tIxPXLZDjk;544780;18405;0;5662;0.03;0.008;0.962;0.9918
678;678;J7YHJ6O_134;479497;13441;0;655;0.241;0.044;0.715;0.9986
679;679;Oz2g90wMsss;960487;21837;0;1431;0.234;0.087;0.679;0.9996
680;680;vaHyd-dcyc8;735482;20689;0;1609;0.2;0.065;0.735;0.9997
681;681;5gqq1fGnv6g;94619;4317;0;573;0.25;0.062;0.687;0.9988
682;682;3aHlPZuyUxc;1217451;32732;0;1399;0.029;0.008;0.963;0.9963
683;683;8QNLQrJtgg0;451890;16701;0;776;0.178;0.082;0.74;0.9995
684;684;4iBSPonssfA;825493;22043;0;1132;0.232;0.075;0.693;0.9984
685;685;ZzJnVx8xvIQ;614995;21066;0;2442;0.191;0.062;0.747;0.9997
686;686;ir8RUywNrpc;619841;23599;0;1046;0.204;0.092;0.704;0.9998
687;687;G70OkVfeHE8;1248096;33032;0;1318;0.253;0.054;0.693;0.9993
688;688;8BW4-A81xIg;545162;21403;0;818;0.208;0.084;0.708;0.9997
689;689;Vj_PEedAGWs;1558390;38899;0;1915;0.179;0.064;0.757;0.9985
690;690;eUpfRndjc9c;1064259;36227;0;1438;0.213;0.085;0.702;0.9998
691;691;k6RMOnJEL-o;715634;19097;0;1739;0.131;0.033;0.835;0.9981
692;692;CucyUZeBgWA;478674;20236;0;1418;0.022;0.017;0.961;0.936
693;693;k5JBINyNBS4;955291;24353;0;1222;0.154;0.103;0.743;0.9975
694;694;QllC_Wr6kzc;475654;15418;0;580;0.027;0.006;0.968;0.9939
695;695;a1nO2SO6HSw;297095;11327;0;1688;0.332;0.029;0.639;0.9987
696;696;2XqKASxFJP0;613953;18942;0;1359;0.267;0.027;0.706;0.9992
697;697;Si-IZIgi6Zw;661734;34801;0;1408;0.283;0.064;0.653;1.0
698;698;jFPCsaDnB2c;730996;19954;0;2552;0.181;0.047;0.772;0.9982
699;699;sTtNSElS7HU;515717;22042;0;694;0.233;0.061;0.706;0.9998
700;700;IpjReKbCjf4;449700;15598;0;798;0.199;0.058;0.744;0.9998
701;701;Bm3s-7rZrKs;734777;19382;0;1515;0.259;0.076;0.665;0.9998
702;702;ZlMrxdd9t-E;861642;30392;0;1888;0.022;0.013;0.965;0.9844
703;703;r_c7K8Ipztg;529721;13940;0;859;0.175;0.085;0.74;0.9986
704;704;ESP6HWGX3wo;535415;19396;0;968;0.208;0.082;0.71;0.999
705;705;VEpP_HWSvKs;678534;17188;0;1170;0.219;0.061;0.72;0.9993
706;706;MiWBlpifOVM;569224;24127;0;1395;0.21;0.079;0.711;0.9997
707;707;xOlKDxSwZCM;1408567;32649;0;1753;0.168;0.051;0.781;0.9996
708;708;02SO3juNCsQ;686025;17522;0;869;0.234;0.074;0.691;0.9999
709;709;RQo7wQz0sYo;835970;23092;0;1138;0.166;0.06;0.774;0.9325
710;710;eHRmhWVwqwg;388758;10559;0;842;0.104;0.046;0.849;0.4588
711;711;Zecz9Tn0DoY;517562;18870;0;1345;0.036;0.005;0.958;0.9988
712;712;T7Ckb5iC2OA;599592;19423;0;571;0.19;0.091;0.719;0.9997
713;713;dJ9aOaXNXvQ;713771;33717;0;1946;0.241;0.088;0.672;0.9967
714;714;h2PZTziUS9k;482852;16093;0;1271;0.204;0.063;0.734;0.9985
715;715;ZE4Z_iQ5_nU;614893;26075;0;1693;0.238;0.059;0.703;0.9998
716;716;WeGY1j18oQ4;712798;27193;0;2335;0.188;0.075;0.737;0.9992
717;717;g2dhcGRlvzM;1157195;37221;0;2673;0.279;0.054;0.667;0.9998
718;718;jEaX0MgFBZM;460589;23286;0;812;0.213;0.089;0.699;0.9992
719;719;J7VLnh83ysM;1265486;34039;0;1376;0.176;0.084;0.74;0.9959
720;720;GmMN7G4Hfug;700995;13225;0;2111;0.187;0.05;0.763;0.9998
721;721;whGEe2c5QHI;1246943;34030;0;1707;0.031;0.004;0.965;0.9987
722;722;G9LUfk4Ft24;555862;22719;0;1082;0.216;0.087;0.697;0.9996
723;723;rkcwCkR7-tQ;561540;26377;0;998;0.225;0.071;0.705;0.9999
724;724;rZfgum1AgHo;857338;31640;0;1515;0.238;0.054;0.708;0.9996
725;725;AYSy3pohIaE;134381;2477;0;182;0.217;0.103;0.68;0.9982
726;726;Z5nuOTf_FyY;599750;24031;0;1522;0.242;0.058;0.7;0.9994
727;727;5NPgN8CW3iQ;683061;34275;0;2077;0.025;0.022;0.953;0.6486
728;728;3ZYXpzfh1uA;647855;15436;0;1392;0.183;0.085;0.732;0.9987
729;729;x5MePb5i3P0;591682;17223;0;1065;0.245;0.081;0.675;0.9997
730;730;DoRJMc21f6c;576178;19036;0;1066;0.194;0.064;0.742;0.9997
731;731;kkn3EkPisBk;761897;32730;0;1931;0.194;0.092;0.714;0.9997
732;732;Iu-fcseTVAs;832518;32973;0;1604;0.014;0.002;0.983;0.9709
733;733;CHC06zEktGY;466616;21811;0;1598;0.216;0.078;0.706;0.9993
734;734;NHh7W0c9j8w;1082778;22526;0;1269;0.235;0.043;0.722;0.9999
735;735;vTKmRbhIRXE;430482;11600;0;626;0.188;0.063;0.749;0.9992
