;video_id;view_count;like_count;favorite_count;comment_count;positive_score;negative_score;neutral_score;compound_score
0;FKeKPXALHuc;689404;24023;0;3235;0.009461426491994178;0.005094614264919942;0.977802037845706;0.001406804949053857
1;fwjrIdA-jyA;665594;22084;0;1442;0.10013262599469495;0.034482758620689655;0.8461538461538461;0.027786405835543742
2;ptycSvOmw6o;534809;18038;0;1227;0.013565395444074738;0.0033273611466598414;0.9779882262605579;0.0032707192219093915
3;CyH8Ze_Y-Jc;2137366;54999;0;2568;0.09498207885304659;0.03763440860215054;0.8482676224611708;0.02374127837514933
4;ham2mGl5QkU;514453;18411;0;788;0.08869814020028613;0.032188841201716736;0.8497854077253219;0.020729756795422032
5;CJPGm0HDjO0;553387;30569;0;1950;0.10261080752884032;0.042501517911353974;0.8342440801457195;0.0219942319368549
6;YSPiQB1jM4k;667120;27215;0;1078;0.07963246554364471;0.019908116385911178;0.8805513016845329;0.02349019908116386
7;TUgknDAjPdM;671297;17342;0;764;0.07588985896574882;0.03760913364674278;0.8569509738079247;0.014646004029550047
8;na2YMSza1mU;531628;19996;0;2197;0.09184993531694696;0.029754204398447608;0.8641655886157826;0.02507891332470893
9;b92hmjoys5M;490017;22560;0;1018;0.08897742363877822;0.046923417441345726;0.8472775564409031;0.017118548030101804
10;mB0y5_knUBc;686014;19357;0;1356;0.09585933068633012;0.019852524106636415;0.8627339761769711;0.031906920022688544
11;iUrS5O8PjJA;878576;23678;0;1392;0.08009153318077804;0.02745995423340961;0.8695652173913043;0.02117009916094586
12;5SdTBG3HsL4;496917;20405;0;877;0.09112903225806451;0.025806451612903226;0.8661290322580645;0.02475483870967742
13;yYrYchGElek;953899;24353;0;2598;0.08416547788873038;0.028530670470756064;0.8601997146932953;0.023172753209700428
14;DlTMbuzeiew;961139;18954;0;1250;0.10743801652892562;0.01652892561983471;0.8760330578512396;0.03446198347107438
15;ybgvfdtOrQo;635302;38898;0;1859;0.00798782807151008;0.0003803727653100038;0.9882084442753899;0.0028913655382274634
16;Zosh5JxmO7k;737655;32852;0;1256;0.12340966921119594;0.039440203562340966;0.806615776081425;0.03299809160305345
17;v7q3wY11_8Y;720398;18403;0;2515;0.10312862108922363;0.0220162224797219;0.8528389339513326;0.03139351100811125
18;iwkPXjte7jQ;403611;12620;0;625;0.09821428571428571;0.030357142857142857;0.8553571428571428;0.02918803571428572
19;4Cu26vGQn9E;743460;23859;0;1476;0.0791268758526603;0.03956343792633015;0.8544793087767167;0.016939381537062297
20;xKiOa9krxgI;813191;32472;0;1696;0.10223642172523961;0.02875399361022364;0.8466453674121406;0.03165942492012779
21;VGIn9TOyS9I;533813;21759;0;934;0.10654936461388075;0.024437927663734114;0.8543499511241447;0.034739393939393945
22;VvAl6_dfAC8;616092;19967;0;1064;0.08939292861907938;0.02334889926617745;0.8639092728485657;0.026541494329553016
23;v7tfWAUG4XU;563776;24625;0;1544;0.08817635270541083;0.022044088176352707;0.8657314629258517;0.026698396793587174
24;co0lRVOSmzM;609102;18408;0;640;0.07489878542510121;0.02834008097165992;0.868421052631579;0.01811153846153846
25;H8P33IZNSVE;596987;24796;0;1395;0.12932501418037437;0.030629608621667612;0.8122518434486671;0.04222677254679511
26;0ByxNrtQNow;635075;23805;0;1193;0.09734513274336283;0.029271613342409804;0.8447923757658271;0.026381892443839323
27;5jJl0YzI1QA;407039;17934;0;623;0.009259259259259259;0.0015432098765432098;0.9787808641975309;0.0028961419753086425
28;XeNeeYbT8DQ;731971;19277;0;1164;0.09840954274353876;0.03578528827037773;0.8399602385685885;0.02675497017892645
29;_csBkS_ZFIU;750146;16337;0;1142;0.07453416149068323;0.040372670807453416;0.8726708074534162;0.011129503105590062
30;hgaotensSrI;121167;2114;0;128;0.10526315789473684;0.023593466424682397;0.8493647912885662;0.030237568058076234
31;koV2m5DcT-k;813536;30947;0;1863;0.11961301671064203;0.030782761653474055;0.8355321020228672;0.03592022867194367
32;J3Rd36QM0y0;566225;15184;0;1378;0.007620941020543406;0.0019880715705765406;0.9821073558648111;0.0016069913850231944
33;bQFHc4h0E7Y;539994;22297;0;718;0.09227871939736347;0.031073446327683617;0.8549905838041432;0.023486723163841813
34;WlK7o7l35Ag;657606;28545;0;1061;0.07947882736156352;0.036482084690553744;0.8618892508143322;0.01699967426710098
35;D38YGm0E2zM;567720;29669;0;1085;0.1252371916508539;0.03700189753320683;0.8263757115749526;0.03490303605313084
36;i848DYgfmcE;646942;30428;0;1336;0.11974110032362459;0.0372168284789644;0.7928802588996764;0.03246278317152104
37;1voq6P21qps;521037;27122;0;1252;0.09060626249167222;0.04530313124583611;0.8474350433044637;0.020969820119920064
38;PBDjZPpT6j8;666516;20131;0;1331;0.0892337536372454;0.025703200775945685;0.871968962172648;0.02529005819592624
39;tTm9pSc-BW8;449335;14818;0;728;0.09271523178807947;0.016556291390728478;0.8807947019867549;0.03064966887417219
40;hbNkjgewmnQ;698394;30489;0;1239;0.10780834072759539;0.046583850931677016;0.8234250221827861;0.026435980479148094
41;2CY-S1Z_I38;862553;32726;0;1711;0.012783505154639175;0.002061855670103093;0.979381443298969;0.004069319587628865
42;NX9ZJhsema0;709015;25895;0;872;0.011529933481152993;0.0026607538802660754;0.9818181818181818;0.003231618625277163
43;-Xcu9TKpLtg;628516;20743;0;916;0.10053619302949061;0.03351206434316354;0.8440571939231457;0.026568900804289513
44;4CgnHGRUOMc;1558003;45875;0;2489;0.13729508196721313;0.028688524590163935;0.805327868852459;0.045261270491803285
45;yTtNmxsk6oc;735044;17096;0;757;0.10443864229765012;0.018276762402088774;0.8596605744125326;0.03606795039164485
46;g5jwvaXu6rk;879624;27968;0;1955;0.09543230016313213;0.037520391517128875;0.8401305057096248;0.021330424143556286
47;Fo792SD32U0;475560;21360;0;593;0.08629130966952264;0.037943696450428395;0.8580171358629131;0.019975030599755215
48;7D0KNuoXaPM;604894;16947;0;817;0.08020698576972833;0.056921086675291076;0.8434670116429496;0.010100776196636485
49;OY3OYwB10KY;543546;15929;0;2284;0.10316040548598689;0.03875968992248062;0.8294573643410853;0.024882349433512193
50;ck0jenODs8c;548445;22961;0;696;0.09615384615384616;0.031017369727047148;0.8504962779156328;0.026073573200992555
51;ilqdVA56XKM;634152;29714;0;1209;0.09727947238252267;0.038746908491343775;0.8375927452596867;0.024681863149216818
52;IFeAn0w57EM;729883;38442;0;3485;0.1049645390070922;0.02269503546099291;0.8553191489361702;0.03487744680851066
53;kd_1_4R4Nvk;431382;13650;0;1051;0.08937960042060988;0.03785488958990536;0.8580441640378549;0.02150872765509989
54;5sXe75GwY8o;1129517;42894;0;2104;0.008852459016393442;0.002622950819672131;0.9839344262295082;0.0020864918032786886
55;9LwhxEulBGU;608748;25302;0;1388;0.09361702127659574;0.03234042553191489;0.8493617021276596;0.027028595744680868
56;RbAwJCCi-Mg;1515521;18954;0;973;0.11842105263157894;0.041353383458646614;0.8261278195488722;0.033878477443609
57;73ariBoV27E;823002;24792;0;2219;0.07976794778825236;0.03625815808556925;0.8752719361856418;0.01754133430021755
58;xJhiNrOiPkk;518103;14408;0;954;0.05941704035874439;0.034753363228699555;0.8878923766816144;0.011793609865470853
59;IQ-gGY1Ur7M;752025;35211;0;1966;0.09043927648578812;0.03229974160206718;0.8443152454780362;0.024695219638242904
60;HBZ8QHoSbIs;478071;21449;0;1563;0.11768255884127941;0.03138201569100785;0.8261919130959565;0.03251406155703074
61;R4MY98KLJsI;685683;27790;0;1290;0.10042735042735043;0.03561253561253561;0.8511396011396012;0.027679059829059837
62;XNNFnfq3jAU;1291008;31554;0;980;0.07444444444444444;0.05;0.8633333333333333;0.011077888888888894
63;r7HNJ5O2wdQ;810193;31036;0;2649;0.10177595628415301;0.03961748633879782;0.8360655737704918;0.02677185792349726
64;9G2uraTEfk4;770615;35396;0;2587;0.08249672632038411;0.01789611523352248;0.8489742470536883;0.0280289393278044
65;iSbkZt5bLXU;522718;16521;0;736;0.09923664122137404;0.04007633587786259;0.8492366412213741;0.023997709923664116
66;lYebizIuhlU;738737;27097;0;2518;0.08802650260293422;0.03454803596781827;0.8627543776620918;0.01922120208234736
67;wsv56RDRLCA;666575;46058;0;2691;0.07608695652173914;0.03260869565217391;0.8768115942028986;0.0201072463768116
68;ALfRC5YG0k4;560858;27068;0;4274;0.09587217043941411;0.03861517976031957;0.844207723035952;0.021155392809587205
69;wt5HvtReLew;609225;18053;0;1114;0.09177027827116636;0.03315571343990527;0.8413262285375962;0.024563114268798106
70;nGXNxnc5bVI;567679;20430;0;1907;0.09353421217827998;0.037037037037037035;0.8512241054613936;0.022723728813559326
71;vZzTrA2aElw;682077;22988;0;1142;0.10514834205933682;0.04144851657940663;0.831151832460733;0.02790881326352528
72;_RKu4furQgY;509221;20538;0;666;0.09201623815967523;0.03382949932341001;0.8592692828146143;0.02124397834912039
73;WDFXK5gBVC0;426194;15983;0;821;0.07008086253369272;0.03234501347708895;0.889487870619946;0.014956603773584912
74;qjTxkdhKTtg;532280;15774;0;869;0.10377358490566038;0.04851752021563342;0.8315363881401617;0.025366846361185993
75;2mJdOu9PxBI;527986;14881;0;1037;0.07751937984496124;0.03798449612403101;0.858139534883721;0.01345302325581395
76;rKp7Ygs6hfY;806893;31198;0;2148;0.09932140653917335;0.022208513263417645;0.8439235040098705;0.029369154842689663
77;dgPv2tWaBnQ;836545;31289;0;5138;0.11551155115511551;0.03135313531353135;0.8316831683168316;0.031580693069306935
78;I6voV31MoBk;527598;22621;0;1175;0.1084765856550089;0.03912270302311796;0.8393598103141672;0.02803366923532895
79;n44Ie62qoWM;572252;19797;0;839;0.09985528219971057;0.01881331403762663;0.8603473227206947;0.035070911722141794
80;5gV6f0iYBpw;631734;22739;0;1715;0.08220502901353965;0.03481624758220503;0.8529980657640233;0.018440135396518374
81;d_ekJXGYaI8;755349;44652;0;2522;0.10032102728731943;0.02086677367576244;0.8643659711075441;0.03353306581059389
82;Y0HP30W5Jxw;649899;18024;0;939;0.09316770186335403;0.033126293995859216;0.8571428571428571;0.022313146997929616
83;2Svn9eLQKss;625515;21053;0;1459;0.10078878177037687;0.04075372480280456;0.8330411919368974;0.023677037686240104
84;i4qcC0LFfTs;580113;23228;0;1363;0.013732491073880802;0.0030211480362537764;0.9802252128536116;0.0031958253227135397
85;BPC_F5gYLAA;756895;21602;0;1668;0.10800970873786407;0.03822815533980582;0.837378640776699;0.027216262135922313
86;p0qdFz9-n9E;275784;13599;0;1396;0.10813953488372093;0.031395348837209305;0.8441860465116279;0.03168581395348838
87;eKfu99bhGzk;451474;15724;0;880;0.007255139056831923;0.003325272067714631;0.9851874244256348;0.001319740024183797
88;gqF8c8Rn_nk;542369;25043;0;1937;0.1123335263462652;0.03937463810075275;0.8089171974522293;0.0310172553561088
89;wqkcLN1o8oA;693676;20463;0;1509;0.10274963820549927;0.017366136034732273;0.8234442836468886;0.031269392185238755
90;yGGOVwf-FrQ;615623;22150;0;4531;0.10222626079054975;0.030895047705588367;0.8450704225352113;0.03078600636074504
91;R8U-KA48eP4;732448;33370;0;2526;0.12217795484727756;0.039176626826029216;0.8200531208499336;0.037866666666666604
92;IfzFAxoYnZs;656585;16957;0;1353;0.11831626848691695;0.040955631399317405;0.8225255972696246;0.031040614334470994
93;ofRA993ERE4;1114579;34804;0;1527;0.08550185873605948;0.029120198265179677;0.8605947955390335;0.023615365551425044
94;aL6K_lO9VgE;446185;15402;0;585;0.10176125244618395;0.040117416829745595;0.8287671232876712;0.024854647749510725
95;mOw5x-7xth8;595221;30195;0;1339;0.10240963855421686;0.04685408299866131;0.8253012048192772;0.022468139223560904
96;EeOnfVJSDr8;368919;9858;0;543;0.07283464566929133;0.03740157480314961;0.8681102362204725;0.0174246062992126
97;2xgw6Bz39pg;875248;25379;0;1048;0.10090817356205853;0.022199798183652877;0.858728557013118;0.028203329969727558
98;c10eK84R0as;1385646;48545;0;1864;0.10202746893394375;0.032047089601046436;0.8436886854153042;0.03229659908436883
99;2DlNYID6vHk;368194;8592;0;408;0.099601593625498;0.0199203187250996;0.8446215139442231;0.025972111553784864
100;8W0dWOF6hg0;981662;41602;0;4341;0.1521951219512195;0.03024390243902439;0.8048780487804879;0.053069560975609706
101;m-GGi8Gbfjo;664544;33141;0;3229;0.09781121751025992;0.021203830369357045;0.859781121751026;0.028519767441860445
102;75XygYTxNCE;567464;19007;0;2750;0.0967741935483871;0.025806451612903226;0.8569892473118279;0.0281520430107527
103;Dp1z_fNeKEs;629396;22704;0;866;0.012322858903265557;0.0021565003080714724;0.9818237831176833;0.0033795440542205794
104;tY7qrj32ri0;774209;20895;0;1380;0.11796246648793565;0.021447721179624665;0.8471849865951743;0.03864075067024127
105;qBGBC3VPt9I;1457554;40111;0;3040;0.015390534821085032;0.0026933435936898806;0.9696036937283571;0.004112812620238553
106;Si4jbISiUVw;588715;24307;0;930;0.10647544545849631;0.04041720990873533;0.8374619730551934;0.02872403302911771
107;Cx80XRxyxCI;894727;37998;0;2829;0.11719745222929936;0.022929936305732482;0.8407643312101911;0.038436305732484015
108;ZkBIBhBrOlQ;444218;19821;0;2842;0.10218340611353711;0.021834061135371178;0.8489082969432314;0.032133624454148454
109;h_HDWrPS1hI;545328;15505;0;929;0.12449392712550607;0.020242914979757085;0.8451417004048583;0.03837085020242914
110;TrZ_jwp9lWg;655126;19922;0;682;0.09034653465346534;0.03341584158415842;0.8582920792079208;0.020882425742574273
111;ee0SlrYeKWo;723000;22926;0;1664;0.11217303822937626;0.02716297786720322;0.8395372233400402;0.03498511066398384
112;xdmp4tbCxh8;702789;21398;0;1683;0.08547407753386269;0.028958430639887903;0.8542737038766931;0.02234166277440447
113;HIea8TtLnA8;666563;22457;0;2018;0.12911084043848964;0.025578562728380026;0.8294762484774665;0.042796224116930584
114;POCO6Hs2Spc;607204;22930;0;986;0.10571300044984255;0.03643724696356275;0.8389563652721548;0.028320062977957656
115;fzOVmU7Gb48;951537;26753;0;1156;0.10588235294117647;0.020588235294117647;0.8480392156862745;0.03034833333333336
116;hKJGTCISWUc;461387;23089;0;3473;0.10996119016817593;0.03147908581285037;0.845623113410953;0.03249184993531688
117;8_EEe_doxsA;627040;25036;0;922;0.1091703056768559;0.034934497816593885;0.8234560199625702;0.03177698066126012
118;whjOIh-hPtU;561955;24335;0;1011;0.08482792050412022;0.04168686379059622;0.8540959767329133;0.01763427047988369
119;xZFj72v6ZMQ;801954;22306;0;2937;0.01042929905408683;0.0026679602231384912;0.9825369876303662;0.002458598108173659
120;W2F7zGPwNQI;649502;37774;0;4285;0.10622009569377991;0.03062200956937799;0.8315789473684211;0.030846507177033508
121;Ur-lVD2lITA;788952;34402;0;2346;0.012147505422993492;0.0017353579175704988;0.9813449023861172;0.0029180477223427342
122;usqt2gf2NuM;609806;19473;0;2090;0.0072064434082238235;0.00423908435777872;0.976685036032217;0.0007320474777448072
123;W6T3UK9nxi4;788584;23305;0;1093;0.10922112802148612;0.025962399283795883;0.8424350940017905;0.03297869292748432
124;j0HC-zIAS4E;847316;25025;0;1671;0.10008410428931876;0.03700588730025231;0.8519764507989908;0.024708326324642576
125;O_-ndYYF-d0;687280;24543;0;1282;0.10801630434782608;0.02717391304347826;0.8315217391304348;0.031858559782608674
126;cUSpsf1g_ho;549141;15116;0;1648;0.09865470852017937;0.02914798206278027;0.8542600896860987;0.027152690582959636
127;A66YrnDU928;410395;12993;0;626;0.07572115384615384;0.015625;0.8846153846153846;0.02428906250000001
128;UodT-XwtyXM;673314;19209;0;1008;0.0890909090909091;0.02727272727272727;0.8636363636363636;0.020347999999999998
129;KlNfKWYxBUA;680006;19412;0;706;0.12355848434925865;0.042833607907743;0.8154859967051071;0.03462487644151566
130;VpsbHEQW-9U;499681;23039;0;1506;0.09820485744456177;0.0279831045406547;0.8616684266103485;0.028146251319957717
131;zN3vhLMHUPw;596783;24824;0;1067;0.1072340425531915;0.02893617021276596;0.84;0.03288612765957444
132;W8aqZH83X9I;1292424;27161;0;840;0.015613382899628252;0.0011152416356877324;0.9695167286245353;0.004493531598513011
133;h2iEUEIZlek;1047255;21385;0;1842;0.09355828220858896;0.03425357873210634;0.8496932515337423;0.020069120654396734
134;yyyq0cxLdWQ;617088;16574;0;1034;0.09294660514172709;0.028345418589321027;0.8655240606460118;0.02556664469347393
135;8UZamBr6tgM;623316;16843;0;1167;0.08195848855774349;0.06386375731772219;0.8211814795103779;0.009349760510910063
136;IkJjIWNidb0;1000472;28220;0;841;0.11148648648648649;0.028716216216216218;0.847972972972973;0.030583614864864862
137;Xt_caZPCXL8;711687;28504;0;2270;0.013934726806013934;0.003667033370003667;0.9677301063439677;0.0040035203520352005
138;bWd_Mg4JTK8;1146425;53107;0;2568;0.1163101604278075;0.03074866310160428;0.8449197860962567;0.03670748663101605
139;bfvtfjndz3E;806013;33196;0;1731;0.009138381201044387;0.0034812880765883376;0.974325500435161;0.001800957354221062
140;RPHkCWd76B0;434223;16785;0;574;0.10702054794520548;0.030821917808219176;0.848458904109589;0.030878938356164398
141;7WcQmgxWTXY;617883;26289;0;3435;0.13535031847133758;0.029193205944798302;0.8205944798301487;0.04276475583864107
142;OXpYXTjAqJo;924049;64595;0;4688;0.007961783439490446;0.0019904458598726115;0.9820859872611465;0.0020838375796178345
143;98dvtHjBnLA;488560;19937;0;991;0.113345521023766;0.031687995124923825;0.8397318708104814;0.03180164533820836
144;fRPkCG2NxXM;750071;21521;0;4960;0.12389380530973451;0.033185840707964605;0.8241150442477876;0.038996792035398194
145;j41RlF1Ntf4;548551;22604;0;1883;0.012591389114541024;0.00487408610885459;0.9735987002437043;0.0022735580828594647
146;rn69Y3tHslA;1002154;23446;0;2205;0.08861726508785332;0.029029793735676088;0.852559205500382;0.02312689075630255
147;_gT8KcDgrDk;761311;31744;0;1728;0.08464125560538116;0.034192825112107625;0.8626681614349776;0.01880201793721974
148;iBbl01JtqDU;566997;19310;0;1832;0.1066571224051539;0.030780243378668574;0.8460987831066571;0.03094566929133856
149;eM-wzIE4vKg;991848;27681;0;2730;0.1053921568627451;0.026348039215686275;0.8455882352941176;0.03404987745098031
150;hX-ehcp-Rik;796451;29253;0;1255;0.006441834028040924;0.002652519893899204;0.9776430466085638;0.0009215611974232669
151;eFDjulU_zWg;501313;18030;0;817;0.10306807286673059;0.034036433365292426;0.8485139022051774;0.025699424736337448
152;I_4LSeqGnUk;575320;18925;0;1762;0.10445682451253482;0.033426183844011144;0.8272980501392758;0.029573816155988867
153;2u9fc61w-3Q;79085;3314;0;354;0.1150278293135436;0.02411873840445269;0.8571428571428571;0.03657235621521336
154;RG1BzJ0fqsw;587162;18255;0;1123;0.07929104477611941;0.01585820895522388;0.8880597014925373;0.025896361940298512
155;pSJURGGMfSw;720151;27984;0;1521;0.12362838332114119;0.03218727139722019;0.8178493050475494;0.03758844184345275
156;SZxW3TuduBU;694860;20875;0;1283;0.01065989847715736;0.003299492385786802;0.9819796954314721;0.0018425126903553303
157;EMyPY1GvvDE;2182539;52470;0;2395;0.009706257982120051;0.004086845466155811;0.9742017879948914;0.002251494252873564
158;xlOpZ-ITeD0;503069;22445;0;629;0.08873056994818652;0.03432642487046632;0.8542746113989638;0.01938141191709846
159;UUJ8rHU6Iko;1191283;30658;0;2106;0.10102816271792579;0.03218596334376397;0.8520339740724184;0.02769512740277151
160;R43fzQOkBok;812664;17551;0;1496;0.08970976253298153;0.024406332453825858;0.854221635883905;0.028049208443271748
161;h5_c1H7w9OA;307739;12436;0;844;0.10684474123539232;0.04006677796327212;0.8414023372287145;0.030837896494156938
162;suAq_j7bdqY;540228;23122;0;2273;0.10993657505285412;0.028012684989429177;0.8393234672304439;0.03317473572938686
163;9D8BcU6G2aQ;837177;33133;0;1299;0.08617021276595745;0.043617021276595745;0.8489361702127659;0.013461808510638298
164;ja3-dv9dJWo;1147602;22704;0;858;0.09848484848484848;0.03896103896103896;0.8441558441558441;0.024773268398268412
165;wKKlfsnZOAY;563506;17583;0;2290;0.099644128113879;0.019572953736654804;0.8718861209964412;0.03144501779359431
166;1VNgbxDHxoA;507858;14729;0;1319;0.0785296574770259;0.050960735171261484;0.8596491228070176;0.012656140350877195
167;WW4b-4Gx8dY;1285163;42723;0;2407;0.1029082774049217;0.042505592841163314;0.8316554809843401;0.026938534675615158
168;xpr0RzkXJUg;591769;23129;0;1453;0.09148598625066102;0.03225806451612903;0.8424114225277631;0.02457340031729241
169;RclvhLSrQFA;1058719;22313;0;1176;0.08464223385689354;0.034904013961605584;0.8647469458987783;0.018073211169284474
170;2iEoqztWbZA;681303;21572;0;1333;0.09896729776247848;0.031841652323580036;0.842512908777969;0.027340361445783137
171;HfYZwpnG0J8;557090;15985;0;980;0.07625542467451953;0.03967761934283943;0.8685678859268444;0.014351332920024806
172;tqLqodBr0Vw;1004815;28423;0;1472;0.09908069458631256;0.0296220633299285;0.8559754851889684;0.029043922369765083
173;OtNzONecCSA;640668;22804;0;1000;0.11257376305038584;0.04357694053563323;0.8238765320018157;0.0303940081706763
174;vQaX-eYCs_M;1300430;48214;0;2009;0.08325952170062002;0.029229406554472984;0.870682019486271;0.02215066430469443
175;_IARCYf4MfE;295180;11341;0;1120;0.10912511759172154;0.022577610536218252;0.845719661335842;0.03400065851364063
176;xGnGfR0tD44;433660;18787;0;2128;0.11646586345381527;0.02650602409638554;0.8425702811244979;0.036808995983935715
177;KKiuV4h60Kk;702677;26981;0;1669;0.09872029250457039;0.051188299817184646;0.8391224862888482;0.017689031078610605
178;ug_88WVn4gQ;992726;27340;0;1628;0.09520123839009288;0.02863777089783282;0.8544891640866873;0.028306733746130047
179;ZHkEXtilcpg;693430;25738;0;1510;0.1142578125;0.0224609375;0.845703125;0.03900634765625001
180;D31XjOFoPAw;992606;27329;0;2301;0.08222490931076179;0.03869407496977025;0.8609431680773881;0.01425586457073761
181;6XuyO4ROsQw;608918;20041;0;1281;0.11555555555555555;0.037333333333333336;0.8222222222222222;0.030116977777777797
182;3w_hUcwr8TE;1063164;27518;0;2215;0.1243432574430823;0.03064798598949212;0.8323117338003503;0.03748734676006992
183;IhFeJspakDk;527902;19799;0;1393;0.10876451953537487;0.042238648363252376;0.8363252375923971;0.027514783526927142
184;-nJ5jUqRqMg;1003965;30111;0;1801;0.11000474158368895;0.030346135609293504;0.8440018966334756;0.032551256519677545
185;WuNObyDPkRw;630980;12597;0;1460;0.1875;0.041666666666666664;0.71875;0.06188020833333335
186;Gr3SpnSZOnw;1209775;27966;0;2523;0.13957055214723926;0.029141104294478526;0.7960122699386503;0.042467638036809856
187;zR0OnzR-oUE;537075;15758;0;1256;0.09239940387481371;0.03353204172876304;0.8561847988077497;0.02353435171385992
188;yKbhQv4Evwk;599539;23477;0;1044;0.10158730158730159;0.03333333333333333;0.8301587301587302;0.028556031746031767
189;Aqro2sFwA0w;491998;21665;0;556;0.10571923743500866;0.024263431542461005;0.854419410745234;0.032794974003466204
190;AWeURu8jQeY;372893;10888;0;455;0.0712401055408971;0.0395778364116095;0.8713720316622692;0.012680343007915578
191;O2yp8FR4XXg;1082166;32835;0;2570;0.011494252873563218;0.0019704433497536944;0.9766830870279146;0.004369359605911328
192;HsIf_f63QYU;791938;31245;0;1874;0.11439732142857142;0.04631696428571429;0.8225446428571429;0.026907421874999938
193;8kQ7_BXoQ5M;655007;19631;0;2004;0.08891013384321224;0.019120458891013385;0.8718929254302104;0.027357456978967517
194;9BKwK97R0Hk;727463;31404;0;1872;0.10513833992094862;0.043478260869565216;0.8403162055335969;0.02324766798418973
195;Gkh2EqJAhN0;682986;47977;0;2587;0.2361963190184049;0.010224948875255624;0.7341513292433538;0.09672832310838417
196;AOGx428D_WU;917054;20932;0;1136;0.09504373177842565;0.03323615160349854;0.8367346938775511;0.024196618075801726
197;fpocukZN6KY;483803;19434;0;1571;0.10104529616724739;0.041811846689895474;0.8118466898954704;0.02282288037166087
198;lKdD9cPaFZo;3992807;76133;0;3479;0.10427807486631016;0.02406417112299465;0.8636363636363636;0.034806684491978615
199;0e0TJskjhmk;972791;49798;0;5609;0.08144519289650949;0.04102878138395591;0.868952847519902;0.017809797917942453
200;--zzdKzH4OQ;396677;17519;0;966;0.01048951048951049;0.0021853146853146855;0.9733391608391608;0.0032676136363636366
201;6c7TGhvrAzQ;510914;25037;0;1111;0.07677902621722846;0.03745318352059925;0.8698501872659176;0.019290636704119853
202;Plw0e_nFtuc;920644;32977;0;3647;0.11571428571428571;0.03428571428571429;0.8285714285714286;0.03455385714285717
203;eMu0AkOaRJI;482859;17697;0;2172;0.09993906154783669;0.029859841560024376;0.8598415600243754;0.029634856794637395
204;UF3p7nFcItk;717796;13067;0;900;0.08108108108108109;0.06906906906906907;0.8258258258258259;0.010451051051051053
205;xgVzx0vq-Iw;667109;16441;0;1313;0.06573589296102385;0.04072134962187318;0.8598022105875509;0.009396393251890633
206;eRFAUYRF3yY;668006;20400;0;1087;0.08132530120481928;0.05220883534136546;0.8473895582329317;0.011919879518072284
207;6R6999VZKPc;636190;26679;0;1529;0.10441767068273092;0.03681392235609103;0.8386880856760375;0.026178647925033452
208;PgjyyTRg_rs;588500;32354;0;1718;0.1103448275862069;0.026600985221674877;0.8448275862068966;0.03362133004926104
209;1_f1IcESMzs;499562;21547;0;599;0.11936036550542548;0.03997715591090805;0.8195316961736151;0.032538777841233525
210;0hgAA88ESnc;1025894;33469;0;2408;0.1164021164021164;0.03222703222703223;0.8364598364598365;0.0338656084656084
211;gBsZt0n-wb4;97109;4413;0;358;0.11518324607329843;0.038394415357766144;0.8324607329842932;0.0295937172774869
212;aZdR3TJRtX8;448183;20580;0;601;0.093603744149766;0.029641185647425898;0.8564742589703588;0.025142043681747266
213;xiG-X9pCSnw;562779;26290;0;1030;0.010738831615120275;0.002147766323024055;0.9810996563573883;0.002930841924398626
214;WTXwUO41V40;536246;22032;0;1225;0.09644670050761421;0.03350253807106599;0.8477157360406091;0.022925989847715728
215;EdVy2Inkb84;619996;21733;0;960;0.08968177434908389;0.04243008678881389;0.8524590163934426;0.020316779170684675
216;aw2f2rmMJmI;723996;18183;0;1022;0.07455890722822994;0.03016505406943654;0.8668184405236198;0.017504268639726817
217;7NjfdOEbk7Q;341892;9874;0;416;0.10787671232876712;0.0410958904109589;0.821917808219178;0.02783681506849315
218;lvQYpY-aZGw;1919725;127247;0;15561;0.12380952380952381;0.08;0.7847619047619048;0.01757314285714286
219;hb4ymmj1bbs;647095;27642;0;1608;0.11641791044776119;0.023880597014925373;0.844776119402985;0.037369651741293544
220;PqzmrKMcSe0;470643;16029;0;1126;0.07493540051679587;0.040051679586563305;0.8178294573643411;0.015597028423772606
221;UqVsjXtazF4;348316;7071;0;599;0.1111111111111111;0.037037037037037035;0.7962962962962963;0.03345925925925925
222;TKw4P80W06A;467504;15687;0;1132;0.1179985063480209;0.03659447348767737;0.8259895444361464;0.03075519044062734
223;NL-c3Hy_vdk;609443;23433;0;1494;0.1333955223880597;0.04011194029850746;0.808768656716418;0.038944309701492555
224;hU1xcjmf5m4;443651;15879;0;982;0.10128458498023715;0.03705533596837945;0.8409090909090909;0.02577979249011853
225;DIOCRHp9K2g;662999;21815;0;1462;0.10584958217270195;0.04178272980501393;0.8342618384401114;0.02842339832869082
226;VmSSZvXh7r4;574020;15764;0;767;0.08753943217665615;0.032334384858044164;0.8596214511041009;0.020065299684542584
227;t_Z2yVnj0yQ;646391;22306;0;607;0.0951683748169839;0.04148365056124939;0.8521229868228404;0.020033674963396773
228;VqcOmxZCYnc;344648;12288;0;992;0.07894736842105263;0.02894736842105263;0.8598684210526316;0.020424407894736856
229;ENIgZECs1fQ;1385153;34539;0;3334;0.01339109885781804;0.0031508467900748325;0.9775502166207168;0.003414454509649469
230;fQY78hDmITA;663720;27205;0;1189;0.11493288590604027;0.025167785234899327;0.8414429530201343;0.03875419463087244
231;34hcyB0l_lI;715554;17235;0;1053;0.08004158004158005;0.033264033264033266;0.8638253638253638;0.01705530145530145
232;gi_pJeLAbGA;629439;25935;0;1780;0.09305064782096584;0.0353356890459364;0.8421672555948174;0.021580800942285046
233;y8RSbunK-pc;576829;16070;0;665;0.10022026431718062;0.04185022026431718;0.8458149779735683;0.0241023127753304
234;wv9mM-tcIFg;660292;52440;0;5781;0.11209439528023599;0.035398230088495575;0.8333333333333334;0.03165280235988201
235;pDuR-zEvYRo;542205;20981;0;779;0.1015625;0.036458333333333336;0.84765625;0.027652083333333324
236;cJ9e8hEEpZE;442961;16147;0;982;0.015795411808950735;0.004136893569010906;0.9725460699511095;0.0036481007897705905
237;gHHVZ3zl6TU;198822;6071;0;515;0.08206106870229007;0.04007633587786259;0.8606870229007634;0.01636183206106871
238;UpIAzr08fak;903856;34602;0;1809;0.10401188707280833;0.03268945022288262;0.8358098068350669;0.03002117384843982
239;0ooC76rWLps;664023;18219;0;1114;0.07519242155121374;0.03848431024274719;0.8703374777975134;0.01509478981645945
240;2g3cdkWNE2s;744164;18434;0;889;0.07989167230873392;0.027081922816519974;0.8564658090724442;0.02060433310765066
241;ctilQu7nwxg;526438;21647;0;1380;0.10006715916722633;0.040295500335795834;0.847548690396239;0.025175419744795167
242;nw-N2Uy-tB0;784139;22033;0;990;0.08876221498371335;0.04315960912052117;0.8542345276872965;0.02052728013029317
243;wano7jtYJQI;438718;16155;0;792;0.08031496062992126;0.03569553805774278;0.8587926509186352;0.017213543307086625
244;qRwCE4tuJLc;547380;8246;0;433;0.08582089552238806;0.05223880597014925;0.8582089552238806;0.014240298507462687
245;UjL4lh1ARaw;251149;12829;0;1007;0.0917384693360365;0.03395843892549417;0.8621388748099341;0.023012468322351726
246;mDPBneGDEGk;511684;22989;0;2135;0.11641321447299423;0.025170424750917672;0.826953329837441;0.03264399580492917
247;jVtHOADvi9M;527484;18300;0;636;0.08912896691424713;0.03646185010128292;0.8419986495611074;0.02361681296421337
248;Q4iJAWlvWmw;581844;17073;0;1037;0.09219858156028368;0.028368794326241134;0.8605200945626478;0.02716997635933806
249;JZXT8AxIL5U;615900;21052;0;1689;0.12422997946611909;0.04106776180698152;0.8049281314168378;0.03411252566735114
250;SQPOOSgFL4U;719560;21691;0;1449;0.12335329341317365;0.031137724550898204;0.8167664670658683;0.03709245508982037
251;cQ27FNg-g9k;499046;22645;0;1182;0.10747663551401869;0.04806408544726302;0.8331108144192256;0.024949732977303088
252;E_CqNjc7t80;669029;22950;0;1506;0.10683760683760683;0.026862026862026864;0.8571428571428571;0.031333943833943806
253;T38tV0DE_zM;470344;13924;0;586;0.10832025117739404;0.02773417059131345;0.8451072736787022;0.03151705913134478
254;4dAFfOF1834;423531;14525;0;645;0.016544117647058824;0.0030637254901960784;0.9751838235294118;0.0050063419117647055
255;A_uwFpblzdY;500125;19941;0;749;0.10523076923076922;0.04;0.835076923076923;0.02778344615384616
256;Rgvk5jyQe3A;598746;23616;0;1165;0.09448818897637795;0.022637795275590553;0.8740157480314961;0.03101811023622049
257;S_jVEmDdngA;882487;45326;0;1856;0.12452830188679245;0.02389937106918239;0.8358490566037736;0.041390503144654
258;zyQ7SX8BdWY;124879;2627;0;112;0.13741721854304637;0.028145695364238412;0.8245033112582781;0.0400865894039735
259;W3zxeyaO-ZI;1325469;25769;0;2403;0.09515859766277128;0.03005008347245409;0.8547579298831386;0.026488313856427373
260;VIIt1Bysmhw;665069;35340;0;1074;0.09641873278236915;0.03581267217630854;0.859504132231405;0.0244969696969697
261;u1qvD0qpaIk;490990;22046;0;1121;0.01304145319049837;0.0032603632976245926;0.9799720540288775;0.0034527247321844445
262;bXR8Uj1jzCY;347275;6535;0;308;0.1171875;0.0234375;0.8515625;0.047549218750000004
263;nrsE5BTe8uk;641902;29490;0;1896;0.1006423982869379;0.04782298358315489;0.8294075660242684;0.020909921484653836
264;bJ2hcjSfOmo;545921;24861;0;761;0.11639118457300275;0.03512396694214876;0.8023415977961432;0.031020936639118427
265;8QYRX4oLEqc;615902;24141;0;779;0.09538461538461539;0.03753846153846154;0.848;0.02136147692307693
266;VAdgn69L3C8;1059431;22727;0;1121;0.08487394957983194;0.0453781512605042;0.8445378151260504;0.015633949579831937
267;VXpNxYVsLi8;605123;17383;0;1289;0.07533234859675036;0.04579025110782865;0.8601674052191038;0.01158281634662728
268;LwEOmK5mSCY;456303;16855;0;1250;0.13190184049079753;0.026584867075664622;0.8312883435582822;0.0437951942740286
269;zAFD3_jnElY;793617;29492;0;1230;0.10990206746463548;0.03808487486398259;0.8389553862894451;0.030135473340587558
270;USCtB4vNTQc;995167;41474;0;2984;0.12267839687194526;0.02541544477028348;0.8250244379276638;0.04215131964809372
271;ebALytCCKHE;752997;20984;0;1451;0.010496568429551878;0.0036334275333064193;0.9769882922890594;0.0013105773112636252
272;nDhA_fcbpS8;691044;27728;0;1362;0.1092375366568915;0.019794721407624633;0.8497067448680352;0.036628225806451566
273;aqCkr58VoLU;1147971;34216;0;1639;0.12429378531073447;0.015065913370998116;0.8418079096045198;0.042521468926553715
274;0OZ_A8R8tmU;608697;28296;0;1459;0.09343936381709742;0.03180914512922465;0.8538767395626242;0.026883996023856875
275;PTf7Yz4KSLs;662709;24262;0;1097;0.09668633681343622;0.035406264185202;0.8547435315478893;0.025642805265546957
276;lFh33XzY5o4;678894;35312;0;1151;0.00839278220730172;0.005035669324381032;0.9815358791439363;0.0011748216533780953
277;iUD3j_FK_v4;535714;19902;0;1038;0.008899297423887589;0.00234192037470726;0.9831381733021077;0.001376393442622951
278;RMAiQnvUs6A;872387;24165;0;1066;0.10320781032078104;0.03347280334728033;0.8465829846582985;0.029400139470013954
279;FiU1mCRRybI;560182;21043;0;848;0.14588859416445624;0.03183023872679045;0.8037135278514589;0.048827320954907175
280;W-G_eJKd2xQ;907302;78601;0;4905;0.14538310412573674;0.029469548133595286;0.7956777996070727;0.04659037328094304
281;ZZNY1SZaIds;763647;26177;0;1448;0.09451219512195122;0.01768292682926829;0.8701219512195122;0.03046810975609754
282;2BdRtvpY0dk;512033;17676;0;1247;0.10271546635182999;0.025974025974025976;0.8417945690672963;0.03264433293978745
283;gNYKLX0W0Pk;833016;27598;0;1979;0.11629746835443038;0.03164556962025317;0.8338607594936709;0.03574090189873415
284;64fiuTDAv8Q;461543;14026;0;1121;0.09736842105263158;0.019736842105263157;0.8644736842105263;0.03237434210526317
285;lDANXi4eMgo;596016;21805;0;692;0.008083689966714217;0.0033285782215882074;0.9824060865430337;0.0009635282929148835
286;yllDWcotTz0;655038;24146;0;941;0.10555050045495905;0.02456778889899909;0.8553230209281165;0.0335115559599636
287;ApzxFer-Acg;600586;21958;0;1911;0.012098456403838132;0.0012515644555694619;0.9824780976220275;0.003423738005840635
288;2QzPC-GjEZo;581861;24853;0;938;0.10273972602739725;0.026541095890410957;0.8544520547945206;0.03075342465753424
289;Pv1c4dDkRd0;1053120;29014;0;2929;0.1271186440677966;0.022397094430992737;0.8353510895883777;0.043225544794188726
290;zIjLXAIfL4A;623795;27726;0;774;0.005733397037744864;0.002866698518872432;0.9808886765408504;0.0011183468705207834
291;LmlPbubynnc;839796;36884;0;2624;0.27586206896551724;0.034482758620689655;0.5862068965517241;0.09682758620689656
292;YC3B9Rx4yIg;372984;15115;0;1379;0.11958762886597939;0.03814432989690722;0.8288659793814434;0.03113649484536085
293;VDWvxHXJijA;543590;20778;0;968;0.11617458279845956;0.036585365853658534;0.8305519897304237;0.032329653401797144
294;ayWOFSfjcCw;439742;16229;0;528;0.06593406593406594;0.053652230122818355;0.8681318681318682;0.008884615384615394
295;OI1wbvd7UbU;580482;16632;0;870;0.08596373404969779;0.049026192075218265;0.8488918737407656;0.019087508394895942
296;Cda-rgWkfOc;724947;22699;0;2653;0.08426666666666667;0.030933333333333334;0.8581333333333333;0.01865178666666667
297;CRYocdFxXhg;813365;27860;0;857;0.0061525840853158325;0.002461033634126333;0.9786710418375718;0.0011058244462674326
298;G90vWXwYIzo;588599;19616;0;1127;0.09445745511319281;0.04371584699453552;0.8376268540202967;0.02106846213895395
299;dgsKvCSfI5I;526615;19629;0;867;0.09559187716691431;0.03863298662704309;0.8504210004952947;0.02262847944526992
300;Cq5G03vwMH0;575560;22724;0;687;0.10094142259414227;0.02510460251046025;0.8472803347280334;0.029275523012552266
301;Av2mhijtlg0;411625;16860;0;734;0.11416666666666667;0.04;0.8291666666666667;0.031243249999999997
302;8TF3YtBoOkI;573833;8325;0;522;0.10866141732283464;0.06141732283464567;0.8125984251968504;0.02026976377952755
303;FxZLHVsuwZg;905803;32812;0;1723;0.11042471042471043;0.03474903474903475;0.8393822393822394;0.032615598455598444
304;kCFJMgsObCE;673155;30935;0;810;0.10531697341513292;0.03885480572597137;0.8220858895705522;0.02725449897750511
305;ZuizlN2vM7I;922721;23444;0;1175;0.08957415565345081;0.0315712187958884;0.8590308370044053;0.026483847283406747
306;WvbxS-wjA-s;1293037;92474;0;9737;0.013599274705349048;0.001813236627379873;0.9750679963735267;0.004801359927470534
307;M_JLplqhLIU;1052535;76055;0;6182;0.13517665130568357;0.05606758832565284;0.7903225806451613;0.031149615975422408
308;79h1WbD4SUM;503236;18640;0;598;0.009071274298056155;0.006911447084233261;0.9766738660907127;0.000903455723542117
309;pgzQgX3MzsA;688659;18065;0;1611;0.11741528762805359;0.03467297084318361;0.8187549251379038;0.03449732072498026
310;4XnqgSyW-uU;579183;23182;0;910;0.09271523178807947;0.028296207104154123;0.8506923540036123;0.026227754364840462
311;bPhSOVcVOBo;787905;53768;0;2311;0.1341222879684418;0.03747534516765286;0.8086785009861933;0.035963510848126226
312;35W8pF2-kpc;414186;14767;0;682;0.08069458631256383;0.026557711950970377;0.8825331971399387;0.01721154239019406
313;mr2TWyiJgww;706188;17340;0;1463;0.11553175210405509;0.03366488140780413;0.8324407039020658;0.03153963274674827
314;Wk1TbB1bc0I;540075;22192;0;1943;0.15306122448979592;0.021137026239067054;0.8046647230320699;0.05305109329446049
315;DgnwEchQ6GY;237195;10642;0;899;0.10588235294117647;0.023529411764705882;0.8549019607843137;0.03208745098039216
316;4F7R9DfwvY0;584022;16058;0;1668;0.1061611374407583;0.03696682464454976;0.8407582938388626;0.027575639810426534
317;eU_luB68tL0;1682290;51365;0;2514;0.1366120218579235;0.0273224043715847;0.8183060109289617;0.0443844262295082
318;TNRJyMgwYDY;643421;16132;0;2549;0.09018830525272548;0.02973240832507433;0.8612487611496531;0.022081565906838442
319;jgTU2IuxYd4;697523;21827;0;1463;0.09051724137931035;0.027298850574712645;0.8467432950191571;0.02619631226053634
320;9tvYM9uo8Rk;483438;23331;0;571;0.09946236559139784;0.043010752688172046;0.8387096774193549;0.02559502688172044
321;Dp66fZmbh6A;548576;17719;0;991;0.08695652173913043;0.0426731078904992;0.8542673107890499;0.015762077294685983
322;50tQPtn1fiE;667033;16105;0;836;0.10696920583468396;0.04862236628849271;0.8379254457050244;0.0252513776337115
323;vYCJTYBYL1U;555487;21641;0;623;0.010004349717268378;0.004784688995215311;0.9721618094823836;0.0016636363636363639
324;p0RjT9SNFxc;471676;21756;0;880;0.12646239554317548;0.022284122562674095;0.8295264623955432;0.03969064066852357
325;m8oxJP4RM0c;641612;17674;0;1401;0.0684931506849315;0.02054794520547945;0.8972602739726028;0.01849760273972603
326;DEZzoZKi7N4;585136;32571;0;1607;0.10704787234042554;0.02526595744680851;0.8550531914893617;0.03355432180851058
327;pm74reA9nWk;770879;28970;0;1819;0.08095781071835804;0.013683010262257697;0.8928164196123147;0.025859407069555296
328;DJG040NbhCE;667433;15998;0;871;0.08339173090399439;0.02592852137351086;0.8521373510861948;0.0232667133847232
329;NCm8O2udqxE;404317;16774;0;2728;0.011052166224580018;0.004420866489832007;0.9814323607427056;0.0025611405835543766
330;bTYsIlyRjOg;1185932;32296;0;6525;0.09587628865979382;0.02268041237113402;0.8577319587628865;0.02691484536082476
331;uvzMj1rNjpw;998470;27148;0;1554;0.12985781990521328;0.031279620853080566;0.8303317535545024;0.039651658767772484
332;rmKTrLR2kkU;525301;20316;0;568;0.09972801450589303;0.019038984587488667;0.8631006346328196;0.03309773345421577
333;XU47aNFCmcw;447595;24183;0;1386;0.11992445703493862;0.03210576015108593;0.8319169027384324;0.03364353163361653
334;XCWN5zStCIs;1102661;28519;0;2058;0.10491803278688525;0.03409836065573771;0.8275409836065574;0.027479278688524574
335;jx7-evypX50;514029;22453;0;718;0.10286844708209693;0.024727992087042534;0.857566765578635;0.03004406528189906
336;VFlSNEmyX7g;1175116;69232;0;6087;0.09133709981167608;0.025423728813559324;0.8709981167608286;0.02712419962335217
337;n_etfesTPVY;526693;17794;0;644;0.08877805486284289;0.03291770573566085;0.8538653366583541;0.02290703241895259
338;7aX-8F-ndeg;699107;25889;0;3400;0.13;0.01;0.82;0.044950000000000004
339;U5h5LA0GUpc;587044;18926;0;1102;0.0970970970970971;0.02702702702702703;0.8378378378378378;0.02682242242242242
340;gMnfYPA56gM;819391;24656;0;1712;0.08650681711330513;0.03714151386929948;0.8509637987776211;0.018087306064880095
341;v02R5d7Lg7w;876042;27788;0;1883;0.1087087087087087;0.04024024024024024;0.8246246246246246;0.02456558558558557
342;5tEJ5Da-JjQ;612609;16131;0;930;0.08006962576153177;0.01392515230635335;0.8885987815491732;0.026620887728459542
343;NMk2JjrO1hc;526911;20448;0;748;0.08327137546468401;0.046096654275092935;0.8550185873605948;0.014494795539033451
344;Ptb76LOlbi8;1144067;31072;0;1298;0.00980748274609517;0.003632401017072285;0.9811115147112242;0.0019717035960770076
345;Yc3gNa9ujYU;1284680;43159;0;2230;0.11655492521918515;0.029396596183599792;0.8380608561113976;0.03515214027849397
346;Wqmne0Vn1Uk;431146;16469;0;430;0.09061313076505698;0.042322300596852956;0.8513293543136191;0.019217634291915354
347;6-DPNto7Ruw;130156;3879;0;431;0.09815950920245399;0.012269938650306749;0.8711656441717791;0.025958282208588958
348;lG1tJ549ofU;575191;12979;0;627;0.11657458563535912;0.024861878453038673;0.8386740331491712;0.03475585635359111
349;vnjza1svqYQ;535275;22554;0;1258;0.10143830431491295;0.0408781226343679;0.846328538985617;0.02820878122634367
350;4BQFvouSDOg;519853;14954;0;958;0.10714285714285714;0.03;0.8361904761904762;0.03093776190476184
351;w_Lw0Ix2E54;299198;13445;0;1679;0.09758454106280193;0.024154589371980676;0.8579710144927536;0.02783198067632852
352;S00mYlWizqc;690081;25793;0;1941;0.09722222222222222;0.037698412698412696;0.8353174603174603;0.022468452380952384
353;0jJnZWOEOAI;694123;26278;0;1279;0.12140240711669283;0.030350601779173206;0.82574568288854;0.036234746206174735
354;N1wic3ye4A8;948472;24892;0;1788;0.10414902624894158;0.028789161727349702;0.8484335309060118;0.03028983911939033
355;3z2JoqU-JiE;525587;14707;0;1403;0.0836076366030283;0.03554970375246873;0.8657011191573404;0.01868117182356815
356;Ozce1EYBdmM;626172;23464;0;2286;0.08835341365461848;0.03614457831325301;0.8514056224899599;0.023314859437751002
357;38nV1BhcepE;658233;25209;0;1707;0.1337386018237082;0.0364741641337386;0.817629179331307;0.03885045592705167
358;WtaTr8XOyAY;818925;37533;0;1874;0.10516431924882629;0.01971830985915493;0.8300469483568075;0.03263098591549297
359;oEwufx9HEgU;975158;40320;0;2134;0.1127348643006263;0.037578288100208766;0.8343771746694503;0.033462352122477376
360;fACLOp12uDw;806145;27510;0;1719;0.1476923076923077;0.03323076923076923;0.7981538461538461;0.0448393846153845
361;1m7B4vI43BE;659212;18086;0;958;0.08056042031523643;0.021015761821366025;0.8677758318739054;0.023099299474605966
362;uMUNIijaWgc;978548;25892;0;1078;0.08074534161490683;0.043478260869565216;0.8633540372670807;0.017769875776397506
363;g3ahKqJEpRY;1560921;87946;0;5899;0.11038353601496725;0.02806361085126286;0.8391019644527596;0.03360579981290925
364;nV1niQVFyHI;538554;22072;0;901;0.12090395480225989;0.0327683615819209;0.8192090395480226;0.0375638418079096
365;-Hn43WGe4ws;152874;2581;0;235;0.09863013698630137;0.021917808219178082;0.8589041095890411;0.026933013698630128
366;y05kScfXQAs;541211;7784;0;536;0.06987577639751552;0.027950310559006212;0.8835403726708074;0.01481350931677019
367;JPYh19wAyvs;464340;20165;0;587;0.104;0.04218181818181818;0.8130909090909091;0.025138909090909108
368;fhnQ4_Gi8GU;566238;20402;0;1226;0.09941520467836257;0.03508771929824561;0.8596491228070176;0.028564327485380122
369;8z6_4BaSh7Q;99468;4016;0;454;0.11360448807854137;0.025245441795231416;0.844319775596073;0.037784291725105196
370;Fu_bAG221zI;637068;26452;0;1886;0.11457521434138737;0.03897116134060795;0.8261886204208886;0.03031457521434142
371;RMJyAGUsEx8;105329;2524;0;113;0.10621761658031088;0.034974093264248704;0.8432642487046632;0.030456476683937823
372;ePbl4cOG-Oc;727770;32161;0;976;0.08847867600254615;0.022278803309993635;0.8688733290897518;0.029239974538510495
373;pAYZYraWyyI;723754;24454;0;1972;0.09797822706065319;0.03421461897356143;0.8522550544323484;0.026221617418351485
374;uhonMbfnmeE;1047129;39299;0;3700;0.10408921933085502;0.028500619578686492;0.8482032218091697;0.02977428748451049
375;_7JFBk1R020;1127457;33031;0;913;0.009029345372460496;0.0056433408577878106;0.9796839729119639;0.0009520316027088041
376;-P_6_AJKuhI;612459;22670;0;1097;0.09775086505190311;0.04498269896193772;0.8365051903114187;0.022268252595155715
377;vAYWlvhzXYo;540574;19565;0;885;0.006844850065189048;0.003259452411994785;0.9788135593220338;0.0013213168187744461
378;5FK9fmzTCYo;1580751;28233;0;1724;0.09182643794147326;0.02320887991927346;0.8617558022199798;0.02845449041372352
379;i_Gh72dbGMY;651830;9876;0;611;0.07174887892376682;0.04035874439461883;0.8632286995515696;0.012337219730941708
380;Cz6OpYvh-Rk;584715;25288;0;3832;0.09352517985611511;0.04220623501199041;0.8398081534772183;0.02064546762589927
381;NpKpFRNeKeA;630978;25252;0;963;0.11673699015471167;0.01828410689170183;0.8326300984528833;0.03527651195499298
382;QUTqtN_n8qc;484393;18694;0;606;0.07824427480916031;0.026717557251908396;0.8745229007633588;0.019903530534351142
383;BHPa8x-2iuw;905719;30271;0;2094;0.09250398724082935;0.03189792663476874;0.8604465709728868;0.026690031897926642
384;lbQO3Q2ucgo;1051571;24724;0;2141;0.10308555399719495;0.021037868162692847;0.8632538569424965;0.03292356241234216
385;VXxmYW74osI;542286;14269;0;907;0.08055380742605413;0.04405286343612335;0.8609188168659534;0.01572687224669604
386;ROnHXbsNmLI;924010;30832;0;1292;0.10129310344827586;0.021551724137931036;0.8448275862068966;0.03492155172413793
387;IjhOKFYpdOg;865031;33747;0;1794;0.11320754716981132;0.029649595687331536;0.8409703504043127;0.030761725067385438
388;QDAYzl2aQp0;712665;27871;0;2668;0.07530864197530865;0.037037037037037035;0.8537037037037037;0.014865000000000003
389;1CqSc5zw9gw;548870;20427;0;678;0.09879963065558633;0.04155124653739612;0.8365650969529086;0.024667128347183757
390;rw5D7nk-snA;1006997;56627;0;3490;0.10574712643678161;0.026053639846743294;0.8528735632183908;0.030304137931034467
391;GkKI938cLI4;642829;22744;0;819;0.10101010101010101;0.03591470258136925;0.8496071829405163;0.02832962962962964
392;L0s958pJiW0;850208;33198;0;1668;0.09854198089492207;0.03167420814479638;0.8547008547008547;0.027076068376068334
393;5ap0IFAVIFs;1123025;35121;0;1945;0.10040816326530612;0.017959183673469388;0.8636734693877551;0.031902612244897946
394;qVwJNNcIM2A;658533;19792;0;1276;0.06651884700665188;0.02771618625277162;0.8813747228381374;0.016162583148558767
395;in1CG_eBmBU;522048;19023;0;3280;0.10866574965612105;0.03255387436955525;0.8422741861531408;0.029509215955983444
396;9ATDctTjfmE;489197;15780;0;710;0.08579465541490858;0.020393811533052038;0.879746835443038;0.02782320675105485
397;eXvklxzbLLk;963332;33058;0;1809;0.10294828419526342;0.033832769453842435;0.847269212179797;0.027355002416626337
398;-dSpy82CXg0;795676;31975;0;2417;0.09963985594237695;0.031212484993997598;0.8475390156062425;0.026919807923169274
399;QGHUHEh5QA8;1132679;46588;0;2820;0.09020902090209021;0.0374037403740374;0.8487348734873488;0.024085973597359714
400;IdFiTtRtNE4;957212;23053;0;1368;0.08154235145385588;0.042351453855878636;0.8476611883691529;0.01513672566371681
401;WRbecJSrYSU;515892;20356;0;2636;0.11055900621118013;0.029192546583850933;0.837888198757764;0.0318590683229813
402;g86fbFrhXu8;672866;27041;0;3708;0.012377294067434912;0.006828851899274435;0.9778062313273581;0.0008699957319675629
403;OI-_a0bWM6w;830585;24115;0;1444;0.08990011098779134;0.029966703662597113;0.8668146503884573;0.0273188679245283
404;QVwjYSZ2_I4;538817;14280;0;583;0.07111111111111111;0.04666666666666667;0.8622222222222222;0.008722444444444446
405;N0PDJ-GRZC0;1012301;28167;0;1441;0.09523809523809523;0.04497354497354497;0.8373015873015873;0.02151944444444444
406;xpkdh0LT09g;948618;37396;0;2903;0.006261180679785331;0.0008944543828264759;0.9856887298747764;0.002055098389982111
407;skvUHMisnKQ;656636;21885;0;752;0.06859205776173286;0.04332129963898917;0.8736462093862816;0.0070924187725631745
408;g_EwDqbEkkQ;595446;23014;0;744;0.0888722927557879;0.029873039581777446;0.8685586258401793;0.024436967886482454
409;qb5wOAZDtHk;760036;29974;0;1367;0.012494614390348987;0.003877638948728996;0.97414907367514;0.003468289530374839
410;UBAYL5g0nEk;646618;17353;0;905;0.08858267716535433;0.028543307086614175;0.8651574803149606;0.023694488188976386
411;w2I5MfnSEGc;869593;28858;0;1738;0.08970358814352575;0.0234009360374415;0.8681747269890796;0.026018330733229345
412;8qrMJ3se28A;953544;19722;0;973;0.010092854259184497;0.0036334275333064193;0.9761808639483246;0.001802220427937021
413;wMPaqrBI9vA;656744;21389;0;1444;0.10557184750733138;0.016129032258064516;0.8475073313782991;0.03755674486803521
414;jXSinQ503YM;553899;14883;0;543;0.1085383502170767;0.03328509406657019;0.8451519536903039;0.03308986975397975
415;qvLNdKvCNlE;641847;17525;0;949;0.08502906976744186;0.032703488372093026;0.8655523255813954;0.021728343023255825
416;QrWaYj9WjFI;491936;18137;0;1197;0.10029325513196481;0.03929618768328446;0.8375366568914956;0.024648152492668596
417;n8l109wIUG4;492928;20557;0;1043;0.010540788267644362;0.0032080659945004585;0.9784601283226397;0.002589688359303391
418;SKzp17yoLRI;580885;23971;0;947;0.1112176414189837;0.030680728667305847;0.8331735378715245;0.032951006711409395
419;AJrmGAoV42Q;359060;26695;0;1656;0.09609012591119948;0.04506295559973492;0.8389662027833003;0.02005294897282971
420;7NAfi6Jl4pY;486384;20875;0;853;0.09967845659163987;0.03617363344051447;0.8384244372990354;0.027387861736334413
421;IqK8oPUXgh4;60666;2655;0;237;0.12878787878787878;0.029356060606060608;0.8229166666666666;0.04329839015151514
422;gHAEzooJO7k;646760;25980;0;1504;0.014736120630568882;0.0054832076764907475;0.9694996572995203;0.003518300205620286
423;O-0Bwz-_MW4;541689;19761;0;943;0.08881199538638986;0.020761245674740483;0.8696655132641292;0.0262964244521338
424;hut6KvrIRZE;1226831;23291;0;1264;0.10442678774120318;0.0340522133938706;0.8342792281498297;0.027293643586833144
425;FE50Rxtq_d8;1333177;47683;0;4681;0.009421265141318977;0.001794526693584567;0.9825033647375505;0.0028157918349035445
426;HhfvbnL0K2A;1846440;27721;0;1176;0.10158594084869267;0.02571795970852979;0.8585512216030862;0.0291716245177882
427;sOrewSnvvQ8;1725655;59691;0;2908;0.09811937857726902;0.033524121013900246;0.8511856091578087;0.02655461978740802
428;XvgNgM_lVVk;644305;18908;0;952;0.0598438855160451;0.026886383347788378;0.8967909800520382;0.010943885516045101
429;WG4YewaXDK8;987735;25506;0;3235;0.07373595505617977;0.03932584269662921;0.8553370786516854;0.013413483146067417
430;8y3WT35uI_I;624073;22552;0;818;0.12727272727272726;0.05454545454545454;0.8181818181818182;0.03193090909090909
431;NmPCDpbAREw;536581;15127;0;1041;0.10488676996424315;0.03635280095351609;0.8444576877234803;0.026012753277711523
432;d17VPpyuiz8;729903;42107;0;2337;0.1295843520782396;0.049511002444987774;0.8068459657701712;0.033803606356968156
433;dEQWfr6_xhg;595541;24131;0;1700;0.09861407249466951;0.031982942430703626;0.8459488272921108;0.025973720682302765
434;O-HV_tnYZ5w;686527;25439;0;1309;0.11992619926199262;0.042435424354243544;0.7749077490774908;0.03257656826568265
435;_zxulfQoQDY;655009;25874;0;5573;0.1263573543928924;0.044422507403751234;0.7986179664363278;0.03087996051332675
436;88Ro1cZIaVA;620668;17513;0;519;0.06506024096385542;0.03132530120481928;0.8987951807228916;0.018306265060240964
437;4-yehzUJ3LE;552740;20858;0;582;0.11409764125068568;0.026878771256171146;0.8447613823368074;0.03542835984640697
438;GidIZ38anQ4;1166312;46114;0;3298;0.09032943676939426;0.04782146652497343;0.8342189160467588;0.019224017003188102
439;Xf-CAel9afw;841768;19073;0;1025;0.08539094650205761;0.046296296296296294;0.8569958847736625;0.014650102880658433
440;3Wpzn6soqBc;636838;21634;0;1151;0.10028653295128939;0.017191977077363897;0.8624641833810889;0.029432378223495703
441;Ind4nh2H0_0;1074822;30410;0;2079;0.01887620719929763;0.003511852502194908;0.9675153643546971;0.005365627743634766
442;RtFZuIBQl64;598358;47757;0;2743;0.12375533428165007;0.056424845898530106;0.7994310099573257;0.028745803698435223
443;DawIo2PCqBY;560269;17437;0;630;0.11377245508982035;0.031936127744510975;0.810379241516966;0.03205928143712574
444;zDgUOPLRuXA;420146;13077;0;808;0.10270270270270271;0.02918918918918919;0.8540540540540541;0.026101837837837854
445;jr5t2gN2cUE;558670;46036;0;2293;0.10327455919395466;0.03526448362720403;0.8413098236775819;0.029657178841309827
446;Bf2_4-cpyE0;461178;20012;0;947;0.09292412617220801;0.027280477408354646;0.8576300085251491;0.02522301790281331
447;IlkcxK3ZLpM;905731;45294;0;2574;0.10010881392818281;0.03264417845484222;0.8465723612622416;0.026598367791077278
448;PF3MSETIo9M;962885;36437;0;2507;0.010475774770842427;0.003491924923614142;0.975556525534701;0.0030888694893059804
449;zpsB6xNv2ho;974952;26185;0;1323;0.12032085561497326;0.034759358288770054;0.8155080213903744;0.036414171122994644
450;tPoVDSnSgEQ;397300;13039;0;928;0.08100289296046287;0.03085824493731919;0.8659594985535197;0.02130983606557377
451;gqQWH-ps48I;506041;23429;0;584;0.0812274368231047;0.06678700361010831;0.8357400722021661;0.010296750902527081
452;_iFTFtjbRtU;494770;24104;0;1586;0.11181192660550458;0.02809633027522936;0.8451834862385321;0.03220252293577977
453;mI8Ab0cAVoM;664675;18967;0;692;0.11829025844930417;0.02385685884691849;0.81610337972167;0.03662743538767396
454;unpcO5pkqwY;547070;21917;0;1173;0.08949880668257756;0.025059665871121718;0.8484486873508353;0.02633126491646778
455;iPGyCUlt7Zo;601677;25463;0;4224;0.10923694779116466;0.030522088353413655;0.8289156626506025;0.033304016064257015
456;39DpWKTIn3g;883502;25705;0;1428;0.09084194977843427;0.03249630723781388;0.8626292466765141;0.02047599704579025
457;E5J0Udob4AY;741380;39805;0;1473;0.1090613130765057;0.03906673901247965;0.8274552360282149;0.02436147585458491
458;eyVuiiG_AGc;491631;17423;0;1074;0.10702341137123746;0.01560758082497213;0.8517279821627648;0.035610144927536246
459;FmWrmv4dwlo;1038973;31193;0;2281;0.10557184750733138;0.04105571847507331;0.8203812316715543;0.02252756598240471
460;7ogFeeV-XQw;1441450;54345;0;5192;0.08999407933688573;0.02901124925991711;0.8632326820603907;0.025371995263469498
461;7bsHI9sYoM8;510757;14308;0;1148;0.08877086494688922;0.03338391502276176;0.8573596358118362;0.01988315629742034
462;cqBFVb-qlJE;4288953;79092;0;4319;0.007566938300349243;0.0032013969732246797;0.9877764842840512;0.0015898428405122238
463;tLg3QPvLacY;770145;29322;0;1584;0.10813076278290025;0.030176026823134954;0.8482816429170159;0.03203461860854987
464;CeW7VSNvH5I;555552;21644;0;966;0.08173076923076923;0.03365384615384615;0.875;0.01735432692307692
465;q1P3lvWoQ-E;505967;19681;0;1321;0.08950617283950617;0.026748971193415638;0.8631687242798354;0.025690020576131685
466;ffDXhm2vjDs;551378;27846;0;1093;0.10881078478574868;0.0327395281656235;0.843042850264805;0.0305515647568608
467;Ozuz_l0TN_I;722008;27173;0;4339;0.09187466808284653;0.02973977695167286;0.8571428571428571;0.022554381306425886
468;kOCkQAxi_gQ;441765;24402;0;954;0.12196812196812197;0.02564102564102564;0.814968814968815;0.040645807345807285
469;m9kgn432wGo;122991;2013;0;169;0.06986899563318777;0.028384279475982533;0.888646288209607;0.017160043668122273
470;-hJeatYbiiU;707006;17878;0;972;0.09926470588235294;0.05808823529411765;0.8294117647058824;0.01782264705882354
471;7DNh-15CwUQ;522217;14786;0;1181;0.10592686002522068;0.033417402269861285;0.851828499369483;0.02909936948297601
472;buZCrHmaCLw;437988;18574;0;3537;0.0800395256916996;0.023715415019762844;0.8715415019762845;0.021955335968379452
473;3S0x8lNHjKg;592126;20351;0;1217;0.010477787091366304;0.005448449287510477;0.9748533109807209;0.0016574601844090533
474;mm0sZQvFH2g;488150;20353;0;538;0.10521415270018622;0.019553072625698324;0.8649906890130353;0.033464245810055866
475;8zdBcpzr3Y4;848652;23867;0;2990;0.10901749663526245;0.029609690444145357;0.8499327052489906;0.03401029609690441
476;yQQ472O3d4s;518233;18058;0;1918;0.09284195605953224;0.025513819985825654;0.8610914245216159;0.02512331679659818
477;hl5txOjLddQ;413415;10511;0;1323;0.11570247933884298;0.03948576675849403;0.8246097337006428;0.03056593204775017
478;95E8QdoHnn0;862309;36054;0;1403;0.09887869520897044;0.040774719673802244;0.8287461773700305;0.02408154943934761
479;GR4yiRD2g8E;766503;38406;0;2260;0.01117129316181449;0.003046716316858497;0.979011509817197;0.0038093432633716988
480;KF1yMNhq53g;549279;24317;0;6028;0.09397590361445783;0.03493975903614458;0.8439759036144578;0.023608313253012044
481;UKnF5LdGZRo;633482;18463;0;1022;0.07766405779650813;0.027694160144491272;0.8741721854304636;0.020594039735099344
482;swfOOExF_YQ;1504094;36399;0;2729;0.1529888551165147;0.040526849037487336;0.7862208713272543;0.04458439716312051
483;iCFhpzwbctc;1231929;43219;0;2329;0.0125;0.0030303030303030303;0.9787878787878788;0.0037167045454545443
484;D6Q6doA7Sy4;71061;3328;0;269;0.1372093023255814;0.020930232558139535;0.8255813953488372;0.04138279069767441
485;rR6es-az7Vk;1027301;39242;0;2099;0.10331125827814569;0.031788079470198675;0.8423841059602649;0.027160264900662253
486;kUrjdAtJYuU;155096;3036;0;212;0.10583446404341927;0.0203527815468114;0.8616010854816825;0.03173378561736773
487;I94PZ3q_u6M;667104;21738;0;1056;0.11223087494273935;0.02153000458085204;0.8502061383417315;0.03792656894182308
488;0IgAdy91Uio;820967;22928;0;2024;0.09951325040562466;0.0335316387236344;0.8512709572742023;0.027329962141698166
489;qd2YK46r8kQ;1096718;23614;0;2012;0.09695512820512821;0.02403846153846154;0.8677884615384616;0.028592548076923067
490;hqyBffDOVUY;811437;37000;0;2044;0.08946877912395154;0.033550792171481825;0.8555452003727866;0.022186300093196654
491;uzKNVndQFFg;543125;23703;0;1638;0.013523131672597865;0.005219454329774615;0.9795966785290628;0.003115065243179121
492;w8SACz-l4DE;669640;19657;0;1018;0.09503105590062112;0.03229813664596273;0.8484472049689441;0.023698881987577622
493;bgOsDrdBeWs;1021031;39647;0;2752;0.11600587371512482;0.01860009789525208;0.8502202643171806;0.03927332354380804
494;oGWzoNiWGk4;572041;21149;0;765;0.005255781359495445;0.001751927119831815;0.9852838121934128;0.0009820602662929223
495;trRCNKziPXY;457763;26247;0;2070;0.11261261261261261;0.032175032175032175;0.8449163449163449;0.03199485199485193
496;DdrEMcel3nw;572474;20827;0;824;0.08473479948253558;0.029754204398447608;0.871927554980595;0.020498059508408797
497;45aA4LEys7g;438158;17143;0;1014;0.10780487804878049;0.0175609756097561;0.8482926829268292;0.03602390243902432
498;NJ6W0VznNYI;537604;17125;0;2200;0.05056179775280899;0.056179775280898875;0.8595505617977528;0.0002797752808988799
499;R8N2zKxy1zY;616837;24592;0;1183;0.09502262443438914;0.028846153846153848;0.8591628959276018;0.027923812217194553
500;eR7GK7ZCp5k;677737;24657;0;1623;0.12197195070123247;0.025074373140671482;0.8257543561410965;0.0374725031874202
501;YpjUtfGhNkc;669046;26419;0;1847;0.10913500404203719;0.028294260307194827;0.8407437348423605;0.03451802748585286
502;PXNjFcUX5Po;681869;28672;0;787;0.011273957158962795;0.004885381435550545;0.971815107102593;0.0025583239383690348
503;lwg-nhor_v8;570092;21129;0;844;0.09138932910723718;0.02694136291600634;0.8742736397253037;0.02604653988378233
504;8yF5omB76VA;522211;18013;0;1011;0.01745014245014245;0.0035612535612535613;0.9700854700854701;0.004049501424501424
505;GXMvOoevy9M;1319854;33207;0;7930;0.009827044025157232;0.003537735849056604;0.9783805031446541;0.0022070754716981126
506;Tmb8KilwJ4s;968828;17791;0;1142;0.10679611650485436;0.036893203883495145;0.8388349514563107;0.025287961165048542
507;h2kNE4fHiQs;617543;22363;0;1647;0.10508083140877598;0.02771362586605081;0.831986143187067;0.03145929561200921
508;5VJWKNMVoZ4;2081381;75202;0;5262;0.09329829172141918;0.040735873850197106;0.8475689881734559;0.02111471747700395
509;C7rWK4p2_yg;566334;21620;0;1393;0.1053704962610469;0.04758667573079538;0.831407205982325;0.021230523453433063
510;xo91RUvtA-c;960352;106783;0;7399;0.09612983770287141;0.017478152309612985;0.7927590511860175;0.03188189762796506
511;DEz2W5ZpObk;875099;36732;0;1823;0.1230899830220713;0.028862478777589132;0.8285229202037352;0.03705220713073002
512;X8sHhzBPUrU;1068137;103696;0;11290;0.16666666666666666;0.0392156862745098;0.7941176470588235;0.04949117647058823
513;DBjm9C8fKiA;703454;36550;0;2544;0.10222489476849068;0.03307276007215875;0.8496692723992784;0.029406133493686065
514;q9llNVNdSiU;804875;21185;0;1217;0.0764525993883792;0.03211009174311927;0.8302752293577982;0.016411009174311927
515;EmxajK5B8sk;539336;16627;0;719;0.11251980982567353;0.04120443740095087;0.8240887480190174;0.027876703645007907
516;QbWUFq82B2k;568958;22356;0;744;0.11770623742454728;0.04929577464788732;0.8028169014084507;0.025164889336016096
517;P-aEZ5QCLfU;434040;18938;0;678;0.10729253981559095;0.03101424979044426;0.8415758591785415;0.031083319362950532
518;FQDGXMdiAHQ;596221;16303;0;534;0.07875894988066826;0.026252983293556086;0.8770883054892601;0.021375417661097854
519;gJCEw51Afdk;628558;31238;0;1251;0.08983666061705989;0.023139745916515426;0.868421052631579;0.026723956442831168
520;C9gFg7WjpdY;1067320;32089;0;1025;0.1156773211567732;0.0289193302891933;0.8356164383561644;0.03835007610350079
521;4W9D38KoRmg;750443;38763;0;1379;0.11650485436893204;0.04466019417475728;0.829126213592233;0.030740194174757277
522;oT42C-HrTDk;666862;24356;0;942;0.10263157894736842;0.039473684210526314;0.8447368421052631;0.02764929824561405
523;ClGL-3aCCQg;691173;23843;0;3417;0.12013828867761452;0.036300777873811585;0.8297320656871219;0.031656525496974876
524;qsJkzzAss6A;634815;20938;0;5452;0.08289054197662062;0.025504782146652496;0.869287991498406;0.021053666312433585
525;mp0kxefVzd8;1184560;97493;0;6421;0.13833528722157093;0.017584994138335287;0.8347010550996483;0.047344431418522834
526;q46wjZqfao8;683371;27566;0;848;0.1037344398340249;0.03734439834024896;0.8439834024896266;0.02715883817427388
527;UWAI_x0hc30;445207;23025;0;3868;0.011684125705076551;0.0012087026591458502;0.9826752618855762;0.003276954069298953
528;G1rr2aE6hz0;636821;20494;0;1351;0.08163265306122448;0.04591836734693878;0.8488520408163265;0.015477869897959193
529;o-ow_QeucbI;854049;26945;0;1767;0.11037974683544304;0.02481012658227848;0.8420253164556962;0.033812405063291105
530;VDrwnwhOMeY;1412278;37720;0;1663;0.10013717421124829;0.03155006858710562;0.8545953360768176;0.028251577503429354
531;FmcSw_hvbjI;559515;30082;0;451;0.10583153347732181;0.04535637149028078;0.838012958963283;0.025949028077753785
532;BmqjQ2pvLTs;139466;5272;0;491;0.12742980561555076;0.017278617710583154;0.8228941684665226;0.04480734341252699
533;GF5JFjG96Jo;439627;15315;0;894;0.1257413997627521;0.02609727164887307;0.8362989323843416;0.0418832740213523
534;lxkFgkEscY4;466894;19104;0;504;0.0963302752293578;0.0389908256880734;0.849197247706422;0.025043922018348604
535;D5koM8xithk;904370;28942;0;1801;0.09665427509293681;0.03451938396176314;0.849707912904939;0.025188582049920322
536;28EeUzoEQnU;653829;18277;0;1186;0.09869646182495345;0.0260707635009311;0.8528864059590316;0.02814366852886408
537;YRrnIgIGdoY;914592;23504;0;1260;0.07440667094291212;0.027581783194355357;0.8665811417575369;0.017791084028223228
538;ROwhpbEMiUs;1250657;34701;0;1499;0.1120144534778681;0.03523035230352303;0.8369467028003613;0.032072131887985494
539;7M-MHrLOt9k;515198;14630;0;669;0.07918050941306755;0.04263565891472868;0.8643410852713178;0.014844573643410859
540;No5uBGX7t-M;275064;4438;0;370;0.11811023622047244;0.017716535433070866;0.8405511811023622;0.04108435039370075
541;pJqj_9GZe9w;653831;24709;0;1152;0.08776896942242356;0.027180067950169876;0.862400906002265;0.024949150622876556
542;LuVfXZcEQuo;546663;19844;0;2032;0.11277806518365235;0.0429384376616658;0.826694257630626;0.030789239524055833
543;Nl8otbwNnpE;754352;19714;0;1584;0.09079601990049752;0.029850746268656716;0.8582089552238806;0.02363557213930347
544;4oDX9EtEsas;579119;21882;0;622;0.008013496415014762;0.005904681568958245;0.9805989034162801;0.0004104175453395193
545;FkY7DlLKw40;148128;2400;0;119;0.13523809523809524;0.01904761904761905;0.8304761904761905;0.042235428571428556
546;_AY5Kds5JMY;1032587;21362;0;1039;0.010240427426536063;0.0017809439002671415;0.9772929652715939;0.0027803650934995552
547;F6hXHgcweBw;682549;26424;0;1537;0.009659806803863923;0.00251994960100798;0.9794204115917682;0.0022592608147837044
548;RIWMJvZCIbs;573076;22665;0;1288;0.0962772785622593;0.021181001283697046;0.8671373555840821;0.02942195121951214
549;BikVGKsLMwk;586823;21793;0;1956;0.09907120743034056;0.026831785345717233;0.826625386996904;0.02764210526315791
550;ZUfN4-Rx_mI;628531;41691;0;3952;0.09695817490494296;0.029467680608365018;0.8583650190114068;0.02409448669201521
551;erLNU0cJvkY;709121;19709;0;1015;0.08641975308641975;0.027983539094650206;0.8510288065843621;0.019934074074074073
552;-JdamvzP6a0;613094;27199;0;1758;0.11545862732520847;0.03207184092366902;0.8338678640153945;0.03304964720974981
553;xoGsWdg5jVA;1070328;43622;0;3742;0.08695652173913043;0.040513833992094864;0.8596837944664032;0.019153458498023725
554;4AA46NCfA48;1315053;73230;0;8686;0.007317073170731708;0.003658536585365854;0.9807317073170732;0.0008272439024390248
555;ieIT_g7p9TY;440389;21422;0;778;0.1136;0.0352;0.8192;0.027715679999999996
556;LDlW9c2Q6dA;575358;19616;0;947;0.13092672413793102;0.03017241379310345;0.8270474137931034;0.04053216594827581
557;GJ6rylW5D7I;615897;27778;0;727;0.12435233160621761;0.02849740932642487;0.8316062176165803;0.03642901554404144
558;IawuVi5QCvU;477392;17756;0;874;0.003793266951161688;0.000474158368895211;0.9853010905642484;0.0009336178283546704
559;qmiiZiKXvkY;449878;15655;0;729;0.0892212480660134;0.02784940691077875;0.8437338834450748;0.02484022692109332
560;0HUAB1D0bEk;108604;4711;0;583;0.09573091849935317;0.02457956015523933;0.8447606727037517;0.026871151358344118
561;n5GRSSLFwts;496546;21146;0;1303;0.1039426523297491;0.03046594982078853;0.8405017921146953;0.034153046594982084
562;StBtJ8RUvwc;615834;33622;0;1623;0.10785463071512309;0.031652989449003514;0.8429073856975381;0.030085638921453658
563;Ft0CwhlcjPU;581468;18567;0;1080;0.12034208918753818;0.030543677458766034;0.8240684178375076;0.03447153329260839
564;pP1SPkt753Y;587434;15310;0;1120;0.07317073170731707;0.03948896631823461;0.8734030197444832;0.014147154471544722
565;MvfhaiBE3pM;583628;26847;0;923;0.09617612977983778;0.05793742757821553;0.831981460023175;0.016691425260718422
566;dot4q4E_ZyE;791472;27500;0;1391;0.081537565521258;0.0297029702970297;0.8730343622597554;0.02126196854979616
567;4m4tlwOs-Zk;508733;19771;0;917;0.08744993324432576;0.02870493991989319;0.8471295060080107;0.022995460614152217
568;lBtiTFTNCoY;640753;18880;0;1446;0.12982005141388175;0.03470437017994859;0.8187660668380463;0.04265822622107971
569;1bMOCi9UcWI;705674;20127;0;2006;0.10917874396135266;0.03768115942028986;0.8115942028985508;0.026286763285024165
570;aDUh3tTbxPs;502312;17947;0;1397;0.11655011655011654;0.03613053613053613;0.8275058275058275;0.037147319347319366
571;yNMv4cVM0WY;591795;20980;0;996;0.1268911664226452;0.029282576866764276;0.8062469497315764;0.03898750610053676
572;0YRRH4g_yA0;2466116;134339;0;11607;0.09421841541755889;0.029978586723768737;0.8650963597430407;0.027006209850107068
573;WrUh0C26rqA;717785;25168;0;2213;0.10211027910142954;0.018379850238257316;0.863852961198094;0.03291354663036077
574;VOCaNUreZiU;715575;22454;0;1043;0.10675675675675676;0.025675675675675677;0.8540540540540541;0.034057432432432436
575;tMCTN6j-S5I;591636;21192;0;975;0.11180124223602485;0.027950310559006212;0.8416149068322981;0.032448580301685806
576;_4k3MC0bMh8;577485;18428;0;1670;0.09664885866925692;0.027683341427877612;0.8659543467702768;0.025845944633317144
577;uZjZ6AwBMQI;469114;13612;0;561;0.08530183727034121;0.030183727034120734;0.8779527559055118;0.020785826771653543
578;Dw-GN1YjG0k;344374;8081;0;909;0.07553956834532374;0.025179856115107913;0.8633093525179856;0.02362913669064748
579;HFz680rNaLU;867665;36120;0;2166;0.11225188227241616;0.04380561259411362;0.8151950718685832;0.02787679671457904
580;-vu-KOHhb1Q;719387;19450;0;1016;0.12899106002554278;0.024265644955300127;0.8301404853128991;0.044046232439335885
581;9kqeG_PobUA;707875;39189;0;2118;0.1235370611183355;0.04291287386215865;0.8179453836150845;0.03702535760728222
582;LFLKIE2AgEk;700658;37345;0;2675;0.10734463276836158;0.035781544256120526;0.8286252354048964;0.029879849340866283
583;5HpT14Jydcs;1025977;25587;0;2433;0.0936058009228741;0.043506921555702044;0.8378378378378378;0.02116849044166119
584;ll-SILZmTyE;1519952;17950;0;1177;0.11446740858505565;0.030206677265500796;0.8457869634340223;0.031731160572337054
585;JALZDQoQ20k;593172;17635;0;1107;0.08316633266533066;0.023046092184368736;0.8707414829659319;0.0251440881763527
586;B663NcBRo7I;601772;15839;0;824;0.09656652360515021;0.027181688125894134;0.857653791130186;0.028988054363376252
587;O2oQ0vtBT7U;615116;21265;0;1607;0.013728013728013728;0.004719004719004719;0.9785499785499786;0.002946203346203347
588;r-FVZIkDNxI;734261;45699;0;1945;0.10835214446952596;0.045146726862302484;0.8148984198645598;0.02659367945823928
589;VfaH9zCtDRw;715745;21531;0;1195;0.10374493927125505;0.035931174089068825;0.8481781376518218;0.02350561740890685
590;HR4rrWrNTok;592523;26666;0;1134;0.06568144499178982;0.03284072249589491;0.8916256157635468;0.013800492610837446
591;xUO26vGNEyA;630045;32348;0;2263;0.09736045002163565;0.036347901341410645;0.8411942881869321;0.0248919082648204
592;g36sPZik45c;687745;22644;0;5476;0.08728448275862069;0.029094827586206896;0.8706896551724138;0.022097737068965503
593;mIuqPjKYoUE;432571;15558;0;1147;0.012849931161083065;0.0027535566773749425;0.9821018815970629;0.0031786599357503447
594;nl0sYThTlVw;683931;19222;0;1379;0.08519269776876268;0.02028397565922921;0.8640973630831643;0.026434685598377278
595;dhWiPwYuy9s;1927732;105208;0;6880;0.006707494896471274;0.004666083406240887;0.9860017497812773;0.0005614756488772238
596;wkxhjeiJo3A;602774;20799;0;2388;0.10239792611795204;0.029812054439403757;0.8444588464031109;0.027823979261179504
597;UMige1w_1ys;526864;21459;0;753;0.00728363324764353;0.003427592116538132;0.9751499571550986;0.0010457155098543274
598;xtbU9KbZ2_g;503605;22017;0;825;0.10428571428571429;0.032857142857142856;0.8142857142857143;0.028845000000000003
599;dBFa-hI6M2U;604106;22919;0;1932;0.015592077538980193;0.00042140750105351877;0.9801938474504847;0.00561049304677623
600;5A36Xwj9SEU;647240;31505;0;743;0.09388646288209607;0.03275109170305677;0.8318777292576419;0.026574017467248915
601;kBkz1SQuh0o;533849;14263;0;899;0.1254325259515571;0.02422145328719723;0.8347750865051903;0.0404212802768166
602;Z1gEaH10n7I;679355;25656;0;1201;0.08928571428571429;0.044642857142857144;0.7946428571428571;0.019767857142857143
603;Ahb7j7rbbMM;1146140;36010;0;6546;0.1056338028169014;0.02464788732394366;0.8433098591549296;0.031420363849765216
604;iHcSxjG9kGg;693628;31453;0;1644;0.10538218000904569;0.024875621890547265;0.8502939846223428;0.031850836725463516
605;pGluXomrsHM;822001;22724;0;950;0.0729483282674772;0.02735562310030395;0.8860182370820668;0.021173328267477212
606;KTf6LcuvgZE;542209;22695;0;2368;0.12787488500459981;0.040478380864765406;0.8164673413063478;0.03590409383624648
607;bJpRsR_gFzg;561365;6284;0;393;0.07407407407407407;0.043209876543209874;0.8641975308641975;0.011561934156378602
608;lafIhAHm2uQ;489145;19166;0;1047;0.09090909090909091;0.03977272727272727;0.8409090909090909;0.02054261363636363
609;ND_Z0BnRMxA;903444;22482;0;1255;0.11322751322751323;0.0380952380952381;0.8328042328042328;0.029630158730158736
610;ZXz2lHWE--4;881510;25031;0;1121;0.07506361323155217;0.04071246819338423;0.8664122137404581;0.013806361323155212
611;sfIZYEX6na4;933891;23158;0;1086;0.09179834462001504;0.0436418359668924;0.8442437923250564;0.022905793829947344
612;1mPn_5C-6As;231715;7279;0;453;0.07569721115537849;0.01195219123505976;0.896414342629482;0.023990438247011952
613;cX0S48iH6x4;1199877;34682;0;2408;0.015612489991993595;0.0034027221777421937;0.9755804643714971;0.004279763811048836
614;njGqG6hQCRk;510346;12914;0;2718;0.010058966354491848;0.00346860908775581;0.9805757891085675;0.0018916753381893869
615;hEjvCdunsMM;653814;20939;0;1521;0.07080745341614907;0.020496894409937887;0.8968944099378882;0.019026708074534167
616;-a-Wq6FnNHA;734532;40741;0;2561;0.005048683736025965;0.0025243418680129825;0.9848539487919221;0.001080274071402813
617;OU4cuXR9dKY;585287;19056;0;2849;0.11748053786270347;0.02689313517338995;0.8386411889596603;0.036150813871195994
618;RVyWEFq5gO4;720435;28881;0;1081;0.011899095668729176;0.007139457401237506;0.9695383150880533;0.0019236554021894326
619;v33_23PJ_jQ;1016495;37574;0;2549;0.0842170929507174;0.040548970679975045;0.8427947598253275;0.017960449157829073
620;jmVV4VHToHc;798779;25913;0;1961;0.09071729957805907;0.03059071729957806;0.8618143459915611;0.025257700421940935
621;8lZdJ-XTU24;714844;40697;0;2068;0.10348905972797161;0.0319337670017741;0.846836191602602;0.028148255470136007
622;xNZqBOe4YVg;552743;22224;0;1362;0.11799217731421122;0.035202086049543675;0.8259452411994785;0.0348162320730117
623;LUsOpcQdBys;863022;22049;0;1832;0.1038961038961039;0.04069264069264069;0.8380952380952381;0.02429307359307359
624;qGanQFvZhWs;489905;21979;0;2168;0.010492040520984082;0.003979739507959479;0.9782923299565847;0.002733212735166426
625;Kyy6_mXJ0EQ;537437;23150;0;801;0.08961845607808341;0.049689440993788817;0.831410825199645;0.018836113575865145
626;eLotnLzLWpE;506011;5254;0;343;0.09172259507829977;0.049217002237136466;0.8456375838926175;0.015326845637583898
627;AVzve8UalQA;604870;14543;0;893;0.07538940809968847;0.029906542056074768;0.8623052959501558;0.018288909657320888
628;ywwD6lkY9t0;629313;31225;0;1804;0.016574585635359115;0.003683241252302026;0.9756906077348066;0.004885782688766112
629;HHKXeFH1X2U;836767;21555;0;958;0.11604095563139932;0.034129692832764506;0.8293515358361775;0.03206450511945393
630;gzQb1FIFkvQ;714407;27547;0;2665;0.0981564524165421;0.029895366218236172;0.84853014449427;0.025012904833084184
631;UPowAj1wnUM;809311;19916;0;1649;0.09083969465648854;0.03358778625954199;0.8625954198473282;0.022054351145038176
632;JLsNpjPuu4w;995547;29494;0;1170;0.08421052631578947;0.029473684210526315;0.8673684210526316;0.024137052631578948
633;AjX4_k_DPjc;1251402;34936;0;2267;0.12868769074262462;0.026449643947100712;0.8316378433367243;0.04078463886063063
634;5JPzlvi3kdc;569339;24745;0;755;0.10900473933649289;0.025050778605280974;0.8510494245091401;0.03189600541638452
635;9_9BIP369aU;780225;28067;0;2674;0.07719546742209632;0.03611898016997167;0.8569405099150141;0.017449929178470266
636;_Z61bNLW6l8;531302;19412;0;903;0.09209100758396534;0.03358613217768147;0.8466955579631636;0.024149999999999994
637;tcAhKOa-L_Y;844772;29361;0;2833;0.09745127436281859;0.02848575712143928;0.8620689655172413;0.026746476761619186
638;G_PutQ7uUEg;801064;26194;0;1526;0.07772020725388601;0.0383419689119171;0.8466321243523316;0.01499015544041451
639;D59ZgO_Ltsc;457191;13902;0;1001;0.11964980544747082;0.024319066147859923;0.8424124513618677;0.0371466926070039
640;-SslwXGo25w;60563;2773;0;482;0.13237221494102228;0.01834862385321101;0.8283093053735255;0.04179134993446923
641;hSX9GIas09M;718789;22687;0;1494;0.09519797809604044;0.04212299915754002;0.8491996630160067;0.023040101095197985
642;Y5ELNpJEKgM;454906;7367;0;452;0.08158995815899582;0.03138075313807531;0.8472803347280334;0.020095188284518832
643;_9AhkpNhXhg;335549;4143;0;247;0.052884615384615384;0.03685897435897436;0.8910256410256411;0.004523557692307694
644;cGNWleFXMow;952598;19934;0;1242;0.08459696727853153;0.034317637669592976;0.8643256185155627;0.01812553870710296
645;ewp4QUbpcxY;442382;16348;0;807;0.0925050641458474;0.031060094530722483;0.8365968939905469;0.023443281566509128
646;Z0g2Q_LJd-4;712142;33820;0;1709;0.0994838104176443;0.04223369310183012;0.8442045987799155;0.023285546691694015
647;DJ37Z6WDj4E;794008;36610;0;1519;0.12340842311459353;0.02840352595494613;0.8315377081292851;0.040108619000979416
648;0u-P3chJ5Xg;519856;18318;0;1027;0.09959839357429719;0.02891566265060241;0.8546184738955823;0.026648514056224915
649;pINdQXEJefI;960695;34006;0;1418;0.10181311018131102;0.03207810320781032;0.8479776847977685;0.02634686192468619
650;h0OKoVebxQM;980544;21914;0;927;0.09655172413793103;0.030344827586206897;0.8593103448275862;0.03191131034482759
651;T_SwoDlC1v8;573130;14868;0;1007;0.08304011259676285;0.030260380014074596;0.8747361013370866;0.019873891625615772
652;SUyRm4FUmSc;78514;3548;0;281;0.11928429423459244;0.02286282306163022;0.8369781312127237;0.0412414512922465
653;XW3V5Ta5Ydc;400770;16025;0;3044;0.0915805022156573;0.02880354505169867;0.8604135893648449;0.02479416543574593
654;M8NaFpYnBlU;794030;23886;0;2089;0.11976047904191617;0.0344311377245509;0.7979041916167665;0.03753562874251496
655;fg0Bb-qwmL0;542889;37609;0;6439;0.008;0.005894736842105263;0.9793684210526316;0.000723663157894737
656;txzoylyq3SI;467952;13100;0;574;0.1073558648111332;0.02982107355864811;0.8588469184890656;0.027833598409542738
657;acGdywmDf3k;686298;33780;0;2658;0.10998735777496839;0.03413400758533502;0.8369152970922883;0.027963969658659927
658;QGPZPStYu4Y;625638;24935;0;1231;0.08980418636056718;0.029709655638082377;0.8521269412559082;0.0229282916948008
659;AxozMhyGy0g;572214;18591;0;1019;0.15584415584415584;0.006493506493506494;0.8116883116883117;0.05507662337662338
660;31p9f1vSsrw;749851;26103;0;2112;0.11707317073170732;0.027177700348432057;0.8285714285714286;0.03539498257839716
661;JZNlhLRAjMw;648138;20805;0;1115;0.1056;0.0152;0.8608;0.03593087999999997
662;yPECavrNDFM;629355;26025;0;2276;0.007031828275351592;0.0025906735751295338;0.9789045151739453;0.001177535159141377
663;DjO8kfrINfw;685701;27770;0;733;0.08260233918128655;0.03289473684210526;0.8611111111111112;0.018683991228070185
664;Ljl2nLFnyiM;489729;18666;0;1178;0.1;0.030392156862745098;0.846078431372549;0.027926862745098053
665;7q3-PiJy7yE;663271;40882;0;1425;0.10843373493975904;0.020080321285140562;0.8594377510040161;0.030712048192771096
666;sccbJOPbOF0;337402;12193;0;949;0.10800970873786407;0.019417475728155338;0.8361650485436893;0.03570837378640779
667;gO-XnNx7QaA;583277;26917;0;2212;0.10730593607305935;0.03881278538812785;0.8242009132420092;0.029008904109589045
668;Ha5RroPuqE8;1411682;28579;0;1668;0.11993097497842968;0.03451251078515962;0.8326143226919759;0.03867558239861946
669;C6lfhuO3oxk;611078;23606;0;1780;0.08984145625366999;0.03288314738696418;0.8608338226658837;0.023309923664122125
670;HES7mjykdX4;683913;19149;0;944;0.07610993657505286;0.03805496828752643;0.8657505285412262;0.016659302325581393
671;H-eBoWsm1K4;163682;2834;0;252;0.07900677200902935;0.016930022573363433;0.8950338600451467;0.022735327313769756
672;wb7KInyW2AY;746746;29572;0;1745;0.013014273719563391;0.0025188916876574307;0.9727120067170445;0.0038426532325776665
673;_H4Pkxq8l3o;92742;4500;0;529;0.10483870967741936;0.03763440860215054;0.8252688172043011;0.025715591397849458
674;CGrYHwbkrwg;844955;24544;0;2020;0.10044642857142858;0.026041666666666668;0.8482142857142857;0.030968898809523804
675;J_FgUoaKLns;429318;26165;0;995;0.08390022675736962;0.036281179138321996;0.8526077097505669;0.016621428571428582
676;1EApyMGsNJ8;730279;19783;0;952;0.07817385866166354;0.047529706066291436;0.8592870544090057;0.013019449656035027
677;A3kKEhvuJ5E;87651;3650;0;618;0.08875739644970414;0.020710059171597635;0.8609467455621301;0.026747633136094677
678;fmagPrWCIAE;676572;18158;0;1219;0.11265164644714037;0.03292894280762565;0.8440207972270364;0.035331889081455826
679;OniiDH-iaD8;973360;22269;0;1654;0.107113654946852;0.03434178250204415;0.8454619787408013;0.0268561733442355
680;pt-wNAj8p-A;467922;22704;0;1101;0.14;0.04;0.8033333333333333;0.03535000000000001
681;HI972KdqtV4;728968;36614;0;2294;0.013290374546919049;0.0012082158679017317;0.9798630688683044;0.0036429722110350392
682;e934WvSNCao;607885;18918;0;1272;0.11734401831711505;0.03033772180881511;0.8322839152833429;0.03388231253577557
683;GfErbmlbYIo;478672;18867;0;1354;0.12465940054495912;0.015667574931880108;0.8453678474114441;0.04006471389645772
684;LtvxtjdctLE;769111;40262;0;1682;0.10504634397528322;0.032955715756951595;0.8424304840370752;0.027548403707518015
685;wLY89119Yhs;931359;22408;0;2333;0.07137315748642359;0.03491078355314197;0.8681148176881304;0.012751590380139639
686;9tIxPXLZDjk;544780;18405;0;5662;0.01329572925060435;0.0032232070910556;0.9806607574536664;0.002889806607574536
687;J7YHJ6O_134;479497;13441;0;655;0.10805500982318271;0.021611001964636542;0.8447937131630648;0.03269783889980353
688;Oz2g90wMsss;960487;21837;0;1431;0.10418604651162791;0.04186046511627907;0.8325581395348837;0.027522325581395366
689;vaHyd-dcyc8;735482;20689;0;1609;0.08475648323845668;0.0290955091714105;0.8652751423149905;0.023205186590765335
690;5gqq1fGnv6g;94619;4317;0;573;0.10176125244618395;0.029354207436399216;0.8434442270058709;0.033624461839530335
691;3aHlPZuyUxc;1217451;32732;0;1399;0.012359241966492723;0.0035704476792090085;0.9777533644603131;0.002842351002471849
692;8QNLQrJtgg0;451890;16701;0;776;0.07580351728320193;0.041237113402061855;0.8647665251667678;0.01733408126137054
693;4iBSPonssfA;825493;22043;0;1132;0.10054844606946983;0.03656307129798903;0.8464351005484461;0.02619360146252285
694;ZzJnVx8xvIQ;614995;21066;0;2442;0.08484162895927602;0.02771493212669683;0.878393665158371;0.021464592760181
695;ir8RUywNrpc;619841;23599;0;1046;0.08112094395280237;0.038348082595870206;0.8638151425762045;0.017574090462143553
696;G70OkVfeHE8;1248096;33032;0;1318;0.11432706222865413;0.02604920405209841;0.8437047756874095;0.033363096960926215
697;8BW4-A81xIg;545162;21403;0;818;0.09413663259817107;0.037116729424421735;0.8402366863905325;0.021025712748789685
698;Vj_PEedAGWs;1558390;38899;0;1915;0.07894736842105263;0.02751196172248804;0.8600478468899522;0.018758014354066984
699;eUpfRndjc9c;1064259;36227;0;1438;0.09651474530831099;0.04128686327077748;0.8471849865951743;0.022177694369973185
700;k6RMOnJEL-o;715634;19097;0;1739;0.07776962582538519;0.020542920029347028;0.8752751283932502;0.021208510638297876
701;CucyUZeBgWA;478674;20236;0;1418;0.008244994110718492;0.006281900274833137;0.9807616804083236;0.0009072634471927759
702;k5JBINyNBS4;955291;24353;0;1222;0.06651017214397496;0.05242566510172144;0.8482003129890454;0.008620344287949928
703;QllC_Wr6kzc;475654;15418;0;580;0.00986971969996052;0.002368732727990525;0.9810501381760758;0.0030757599684168974
704;a1nO2SO6HSw;297095;11327;0;1688;0.14666666666666667;0.016666666666666666;0.8166666666666667;0.05815099999999999
705;2XqKASxFJP0;613953;18942;0;1359;0.11632270168855535;0.0150093808630394;0.8536585365853658;0.03915703564727955
706;Si-IZIgi6Zw;661734;34801;0;1408;0.11626816690107829;0.02625410220346929;0.8391936240037506;0.03472212845757141
707;jFPCsaDnB2c;730996;19954;0;2552;0.09090909090909091;0.026350461133069828;0.857707509881423;0.026239920948616605
708;sTtNSElS7HU;515717;22042;0;694;0.10714285714285714;0.026634382566585957;0.8516949152542372;0.029910048426150103
709;IpjReKbCjf4;449700;15598;0;798;0.10444342647732478;0.03435639028859368;0.8410444342647733;0.028569766376546013
710;Bm3s-7rZrKs;734777;19382;0;1515;0.12031872509960159;0.036653386454183264;0.8199203187250996;0.03279163346613545
711;ZlMrxdd9t-E;861642;30392;0;1888;0.008709245198749441;0.00513622152746762;0.9816882536846807;0.0011263063867798125
712;r_c7K8Ipztg;529721;13940;0;859;0.07766059443911794;0.039309683604985615;0.8676893576222435;0.01598983700862895
713;ESP6HWGX3wo;535415;19396;0;968;0.08896797153024912;0.04151838671411625;0.8552787663107948;0.022007947805456705
714;VEpP_HWSvKs;678534;17188;0;1170;0.09814612868047982;0.027262813522355506;0.8407851690294439;0.027842420937840787
715;MiWBlpifOVM;569224;24127;0;1395;0.09330143540669857;0.03289473684210526;0.8516746411483254;0.022609090909090933
716;xOlKDxSwZCM;1408567;32649;0;1753;0.09839167455061495;0.029801324503311258;0.8495742667928098;0.02636665089877009
717;02SO3juNCsQ;686025;17522;0;869;0.0896522832006703;0.028487641390867197;0.8554671135316296;0.025013405948889785
718;RQo7wQz0sYo;835970;23092;0;1138;0.0625;0.026785714285714284;0.9107142857142857;0.019305357142857145
719;2nC-GvKnjFk;2154276;41087;0;2052;0.11971830985915492;0.027582159624413145;0.8368544600938967;0.035060211267605584
720;eHRmhWVwqwg;388758;10559;0;842;0.0392156862745098;0.0196078431372549;0.8627450980392157;0.009094117647058822
721;Zecz9Tn0DoY;517562;18870;0;1345;0.013684482313452104;0.0023237800154918666;0.981151562096566;0.0046419054996127
722;T7Ckb5iC2OA;599592;19423;0;571;0.09851988899167438;0.05365402405180388;0.8297872340425532;0.020101433857539316
723;dJ9aOaXNXvQ;713771;33717;0;1946;0.11421911421911422;0.037296037296037296;0.8251748251748252;0.0268981351981352
724;h2PZTziUS9k;482852;16093;0;1271;0.0950920245398773;0.027607361963190184;0.8665644171779141;0.027580981595092032
725;ZE4Z_iQ5_nU;614893;26075;0;1693;0.10259826782145237;0.029313790806129246;0.8447701532311792;0.031163757495003313
726;WeGY1j18oQ4;712798;27193;0;2335;0.08325872873769025;0.03491495076096687;0.8701880035810206;0.019228200537153087
727;g2dhcGRlvzM;1157195;37221;0;2673;0.12559923298178333;0.026845637583892617;0.8331735378715245;0.03994132310642374
728;jEaX0MgFBZM;460589;23286;0;812;0.09318637274549098;0.04008016032064128;0.8496993987975952;0.02141733466933868
729;J7VLnh83ysM;1265486;34039;0;1376;0.07596899224806201;0.034108527131782945;0.8666666666666667;0.01581612403100775
730;GmMN7G4Hfug;700995;13225;0;2111;0.07884508606329817;0.023320377568017768;0.8711826762909495;0.02221654636313157
731;whGEe2c5QHI;1246943;34030;0;1707;0.01046598554697234;0.00124595066035385;0.9845502118116123;0.004065013705457263
732;G9LUfk4Ft24;555862;22719;0;1082;0.09578804347826086;0.03804347826086957;0.8355978260869565;0.02228281250000001
733;rkcwCkR7-tQ;561540;26377;0;998;0.1008188331627431;0.031218014329580348;0.8362333674513818;0.02771832139201636
734;rZfgum1AgHo;857338;31640;0;1515;0.1079136690647482;0.018499486125385406;0.8509763617677287;0.03744953751284687
735;AYSy3pohIaE;134381;2477;0;182;0.10160427807486631;0.053475935828877004;0.8101604278074866;0.01998863636363635
736;Z5nuOTf_FyY;599750;24031;0;1522;0.10615989515072084;0.028833551769331587;0.8387942332896461;0.030914285714285703
737;5NPgN8CW3iQ;683061;34275;0;2077;0.010208087946603848;0.008637612877895563;0.978013349038084;0.0002769532783667062
738;3ZYXpzfh1uA;647855;15436;0;1392;0.08221797323135756;0.0372848948374761;0.8604206500956023;0.017370554493307835
739;x5MePb5i3P0;591682;17223;0;1065;0.10941475826972011;0.04071246819338423;0.8286683630195081;0.03062162849872774
740;DoRJMc21f6c;576178;19036;0;1066;0.08749329039184112;0.02844873859366613;0.8454106280193237;0.021196081588835194
741;kkn3EkPisBk;761897;32730;0;1931;0.0877788554801164;0.040252182347235696;0.8457807953443259;0.017083414161008694
742;Iu-fcseTVAs;832518;32973;0;1604;0.0059742647058823525;0.0009191176470588235;0.9871323529411765;0.001660386029411765
743;CHC06zEktGY;466616;21811;0;1598;0.09817813765182186;0.04149797570850203;0.8390688259109311;0.024507388663967636
744;NHh7W0c9j8w;1082778;22526;0;1269;0.101712506486767;0.019200830306175403;0.8593668915412558;0.034213284898806394
745;vTKmRbhIRXE;430482;11600;0;626;0.07925636007827788;0.0273972602739726;0.8767123287671232;0.020081604696673187
